id,title,year,type,rated,runtime_min,genre,director,writer,actors,plot,language,country,awards,imdb_rating,imdb_votes,rt_score,metacritic_score,mcu_phase,universe,decade,age_years,is_animated,is_tv_series,is_mcu_canon,tmdb_genres,tmdb_rating,tmdb_votes,popularity,top5_cast,directors,producers,composer,tmdb_keywords,production_countries,spoken_languages,episode_count,season_count,status,tagline,revenue_log,budget_log,box_office_log,document,cast_count,top_actor,IMDb,Metacritic,Rotten Tomatoes,TMDB
1,Captain America,1944,movie,Approved,117.0,"Action, Adventure, Sci-Fi","Elmer Clifton, John English","Royal K. Cole, Ronald Davidson, Basil Dickey","Dick Purcell, Lorna Gray, Lionel Atwill","Superhero Captain America battles the evil forces of the archvillain called The Scarab, who poisons his enemies and steals a secret device capable of destroying buildings by sound vibrations.",English,United States,Unknown,5.3,7.0431599159883405,76.0,64.0,Pre-MCU,Pre-MCU,1940s,81,0,0,0,"Action, Adventure, Science Fiction",5.4,3.5553480614894135,0.8143,"Dick Purcell, Lorna Gray, Lionel Atwill, Charles Trowbridge, Russell Hicks","John English, Elmer Clifton",Unknown,Unknown,"superhero, based on comic, masked vigilante, movie serial",United States of America,English,0.0,0.0,Released,Unknown,19.70742255161285,18.603002309079653,19.193787894917058,"Title: Captain America
Year: 1944
Universe: Pre-MCU
MCU Phase: Pre-MCU
Type: movie
Rated: Approved
Runtime: 244 minutes
Genre: Action, Adventure, Sci-Fi
Director: Elmer Clifton, John English
Writer: Royal K. Cole, Ronald Davidson, Basil Dickey
Cast: Dick Purcell, Lorna Gray, Lionel Atwill
Top 5 Cast: Dick Purcell, Lorna Gray, Lionel Atwill, Charles Trowbridge, Russell Hicks
Plot: Superhero Captain America battles the evil forces of the archvillain called The Scarab, who poisons his enemies and steals a secret device capable of destroying buildings by sound vibrations.
Tagline: 
Keywords: superhero, based on comic, masked vigilante, movie serial
IMDb Rating: 5.3
Rotten Tomatoes: None
Metacritic: None
TMDB Rating: 5.4
Box Office: N/A
Budget: 0
Revenue: 0
Awards: N/A
Collection: N/A
Country: United States
Language: English",13.0,Dick Purcell,5.3,6.004166666666666,6.603846153846154,5.4
2,The Amazing Spider-Man,1977,series,TV-PG,60.0,"Action, Adventure, Crime",Unknown,Unknown,"Nicholas Hammond, Robert F. Simon, Chip Fields","With the powers given by the bite of a radioactive spider, a young man fights crime as a wall-crawling superhero.",English,United States,Unknown,6.2,7.929846429742503,76.0,64.0,Pre-MCU,Sony / Spider-Man,1970s,48,0,1,0,"Science Fiction, Action, Crime",6.3,5.3612921657094255,1.7517,"Nicholas Hammond, David White, Michael Pataki, Hilly Hicks, Lisa Eilbacher",E.W. Swackhamer,Edward Montagne,Craig Huxley,"mind control, new york city, photographer, secret identity, superhero, cult, based on comic, alter ego, crime spree, tv pilot",United States of America,English,0.0,0.0,Released,The world's favorite adventure super hero in live-action.,19.70742255161285,18.603002309079653,19.193787894917058,"Title: The Amazing Spider-Man
Year: 1977
Universe: Sony / Spider-Man
MCU Phase: Pre-MCU
Type: series
Rated: TV-PG
Runtime: 60 minutes
Genre: Action, Adventure, Crime
Director: N/A
Writer: N/A
Cast: Nicholas Hammond, Robert F. Simon, Chip Fields
Top 5 Cast: Nicholas Hammond, David White, Michael Pataki, Hilly Hicks, Lisa Eilbacher
Plot: With the powers given by the bite of a radioactive spider, a young man fights crime as a wall-crawling superhero.
Tagline: The world's favorite adventure super hero in live-action.
Keywords: mind control, new york city, photographer, secret identity, superhero, cult, based on comic, alter ego, crime spree, tv pilot
IMDb Rating: 6.2
Rotten Tomatoes: None
Metacritic: None
TMDB Rating: 6.3
Box Office: N/A
Budget: 0
Revenue: 0
Awards: N/A
Collection: Spider-Man (TV) Collection
Country: United States
Language: English",15.0,Nicholas Hammond,6.2,6.004166666666666,6.603846153846154,6.3
3,Spider-Man,1977,series,TV-PG,60.0,"Action, Adventure, Crime",Unknown,Unknown,"Nicholas Hammond, Robert F. Simon, Chip Fields","With the powers given by the bite of a radioactive spider, a young man fights crime as a wall-crawling superhero.",English,United States,Unknown,6.2,7.929846429742503,76.0,64.0,Pre-MCU,Sony / Spider-Man,1970s,48,0,1,0,"Science Fiction, Action, Crime",6.3,5.3612921657094255,1.7517,"Nicholas Hammond, David White, Michael Pataki, Hilly Hicks, Lisa Eilbacher",E.W. Swackhamer,Edward Montagne,Craig Huxley,"mind control, new york city, photographer, secret identity, superhero, cult, based on comic, alter ego, crime spree, tv pilot",United States of America,English,0.0,0.0,Released,The world's favorite adventure super hero in live-action.,19.70742255161285,18.603002309079653,19.193787894917058,"Title: Spider-Man
Year: 1977
Universe: Sony / Spider-Man
MCU Phase: Pre-MCU
Type: series
Rated: TV-PG
Runtime: 60 minutes
Genre: Action, Adventure, Crime
Director: N/A
Writer: N/A
Cast: Nicholas Hammond, Robert F. Simon, Chip Fields
Top 5 Cast: Nicholas Hammond, David White, Michael Pataki, Hilly Hicks, Lisa Eilbacher
Plot: With the powers given by the bite of a radioactive spider, a young man fights crime as a wall-crawling superhero.
Tagline: The world's favorite adventure super hero in live-action.
Keywords: mind control, new york city, photographer, secret identity, superhero, cult, based on comic, alter ego, crime spree, tv pilot
IMDb Rating: 6.2
Rotten Tomatoes: None
Metacritic: None
TMDB Rating: 6.3
Box Office: N/A
Budget: 0
Revenue: 0
Awards: N/A
Collection: Spider-Man (TV) Collection
Country: United States
Language: English",15.0,Nicholas Hammond,6.2,6.004166666666666,6.603846153846154,6.3
4,Dr. Strange,1978,movie,TV-PG,93.0,"Action, Fantasy",Philip DeGuere Jr.,"Philip DeGuere Jr., Steve Ditko, Stan Lee","Peter Hooten, Clyde Kusatsu, Jessica Walter",A psychiatrist becomes the new Sorcerer Supreme of the Earth in order to battle an evil Sorceress from the past.,English,United States,Unknown,5.1,7.732807530422021,76.0,64.0,Pre-MCU,Pre-MCU,1970s,47,0,0,0,"TV Movie, Action, Adventure, Fantasy, Science Fiction",6.038,4.770684624465665,0.9612,"Peter Hooten, Clyde Kusatsu, Jessica Walter, Anne-Marie Martin, Philip Sterling",Philip DeGuere Jr.,Alex Beaton,Paul Chihara,based on comic,United States of America,English,0.0,0.0,Released,Battle of the sorcerers burns the screen with electric flame,19.70742255161285,18.603002309079653,19.193787894917058,"Title: Dr. Strange
Year: 1978
Universe: Pre-MCU
MCU Phase: Pre-MCU
Type: movie
Rated: TV-PG
Runtime: 93 minutes
Genre: Action, Fantasy
Director: Philip DeGuere Jr.
Writer: Philip DeGuere Jr., Steve Ditko, Stan Lee
Cast: Peter Hooten, Clyde Kusatsu, Jessica Walter
Top 5 Cast: Peter Hooten, Clyde Kusatsu, Jessica Walter, Anne-Marie Martin, Philip Sterling
Plot: A psychiatrist becomes the new Sorcerer Supreme of the Earth in order to battle an evil Sorceress from the past.
Tagline: Battle of the sorcerers burns the screen with electric flame
Keywords: based on comic
IMDb Rating: 5.1
Rotten Tomatoes: None
Metacritic: None
TMDB Rating: 6.038
Box Office: N/A
Budget: 0
Revenue: 0
Awards: N/A
Collection: N/A
Country: United States
Language: English",15.0,Peter Hooten,5.1,6.004166666666666,6.603846153846154,6.038
5,The Incredible Hulk,1978,Unknown,Unknown,117.0,Unknown,Unknown,Unknown,Unknown,Unknown,Unknown,Unknown,Unknown,6.75,12.664111228245407,76.0,64.0,Pre-MCU,Pre-MCU,1970s,47,0,0,0,"Science Fiction, Action, Drama",6.727,3.8066624897703196,0.7881,"Bill Bixby, Jack Colvin, Lou Ferrigno, Mariette Hartley, Brian Cutler",Kenneth Johnson,Kenneth Johnson,Joseph Harnell,based on comic,United States of America,English,0.0,0.0,Released,She loved the man... would the beast destroy them?,19.70742255161285,18.603002309079653,19.193787894917058,"Title: The Incredible Hulk
Year: 1978
Universe: Pre-MCU
MCU Phase: Pre-MCU
Type: N/A
Rated: nan
Runtime: nan minutes
Genre: nan
Director: nan
Writer: nan
Cast: nan
Top 5 Cast: Bill Bixby, Jack Colvin, Lou Ferrigno, Mariette Hartley, Brian Cutler
Plot: nan
Tagline: She loved the man... would the beast destroy them?
Keywords: based on comic
IMDb Rating: nan
Rotten Tomatoes: nan
Metacritic: nan
TMDB Rating: 6.727
Box Office: nan
Budget: 0
Revenue: 0
Awards: nan
Collection: The Incredible Hulk Collection
Country: nan
Language: nan",13.0,Bill Bixby,6.564705882352942,6.004166666666666,6.603846153846154,6.727
6,Spider-Man Strikes Back,1978,movie,Unrated,90.0,"Action, Family, Fantasy",Ron Satlof,"Robert Janes, Stan Lee","Nicholas Hammond, Robert F. Simon, Chip Fields",Spider-Man swings to the rescue when a nuclear bomb created by three college students falls into criminal hands.,English,United States,Unknown,5.0,7.01301578963963,76.0,64.0,Pre-MCU,Pre-MCU,1970s,47,0,0,0,"Action, Adventure, Family, Fantasy, TV Movie",5.8,4.430816798843313,0.9425,"Nicholas Hammond, Robert F. Simon, Michael Pataki, JoAnna Cameron, Robert Alda",Ron Satlof,"Ron Satlof, Robert Janes",Stu Phillips,"new york city, based on comic, sequel",United States of America,English,0.0,0.0,Released,His greatest challenge...,19.70742255161285,18.603002309079653,19.193787894917058,"Title: Spider-Man Strikes Back
Year: 1978
Universe: Pre-MCU
MCU Phase: Pre-MCU
Type: movie
Rated: Unrated
Runtime: 90 minutes
Genre: Action, Family, Fantasy
Director: Ron Satlof
Writer: Robert Janes, Stan Lee
Cast: Nicholas Hammond, Robert F. Simon, Chip Fields
Top 5 Cast: Nicholas Hammond, Robert F. Simon, Michael Pataki, JoAnna Cameron, Robert Alda
Plot: Spider-Man swings to the rescue when a nuclear bomb created by three college students falls into criminal hands.
Tagline: His greatest challenge...
Keywords: new york city, based on comic, sequel
IMDb Rating: 5.0
Rotten Tomatoes: None
Metacritic: None
TMDB Rating: 5.8
Box Office: N/A
Budget: 0
Revenue: 0
Awards: N/A
Collection: Spider-Man (TV) Collection
Country: United States
Language: English",15.0,Nicholas Hammond,5.0,6.004166666666666,6.603846153846154,5.8
7,Spider-Man,1978,movie,Unknown,24.0,"Short, Action, Sci-Fi",Kôichi Takemoto,"Stan Lee, Susumu Takaku, Saburo Yatsude","Shinji Tôdô, Izumi Oyama, Rika Miura",Spider-Man teams up with an agent from Interpol to battle against the evil forces of the Iron Cross Army.,Japanese,Japan,Unknown,6.4,5.10594547390058,76.0,64.0,Pre-MCU,Sony / Spider-Man,1970s,47,0,0,0,"Action, Adventure, Family, Fantasy, TV Movie",5.8,4.430816798843313,0.9425,"Nicholas Hammond, Robert F. Simon, Michael Pataki, JoAnna Cameron, Robert Alda",Ron Satlof,"Ron Satlof, Robert Janes",Stu Phillips,"new york city, based on comic, sequel",United States of America,English,0.0,0.0,Released,His greatest challenge...,19.70742255161285,18.603002309079653,19.193787894917058,"Title: Spider-Man
Year: 1978
Universe: Sony / Spider-Man
MCU Phase: Pre-MCU
Type: movie
Rated: N/A
Runtime: 24 minutes
Genre: Short, Action, Sci-Fi
Director: Kôichi Takemoto
Writer: Stan Lee, Susumu Takaku, Saburo Yatsude
Cast: Shinji Tôdô, Izumi Oyama, Rika Miura
Top 5 Cast: Nicholas Hammond, Robert F. Simon, Michael Pataki, JoAnna Cameron, Robert Alda
Plot: Spider-Man teams up with an agent from Interpol to battle against the evil forces of the Iron Cross Army.
Tagline: His greatest challenge...
Keywords: new york city, based on comic, sequel
IMDb Rating: 6.4
Rotten Tomatoes: None
Metacritic: None
TMDB Rating: 5.8
Box Office: N/A
Budget: 0
Revenue: 0
Awards: N/A
Collection: Spider-Man (TV) Collection
Country: Japan
Language: Japanese",15.0,Nicholas Hammond,6.4,6.004166666666666,6.603846153846154,5.8
8,Spider-Man: The Dragon's Challenge,1979,movie,TV-PG,92.0,"Action, Adventure, Crime",Don McDougall,Lionel E. Siegel,"Nicholas Hammond, Robert F. Simon, Chip Fields",The amazing Spider-Man goes to China to help a World War II official accused of treachery.,"Cantonese, English",United States,Unknown,4.7,7.226936018493289,76.0,64.0,Pre-MCU,Pre-MCU,1970s,46,0,0,0,Unknown,6.745,8.745921121024347,8.1973,Unknown,Unknown,Unknown,Unknown,Unknown,Unknown,Unknown,0.0,0.0,Unknown,Unknown,19.70742255161285,18.603002309079653,19.193787894917058,"Title: Spider-Man: The Dragon's Challenge
Year: 1979
Universe: Pre-MCU
MCU Phase: Pre-MCU
Type: movie
Rated: TV-PG
Runtime: 92 minutes
Genre: Action, Adventure, Crime
Director: Don McDougall
Writer: Lionel E. Siegel
Cast: Nicholas Hammond, Robert F. Simon, Chip Fields
Top 5 Cast: nan
Plot: The amazing Spider-Man goes to China to help a World War II official accused of treachery.
Tagline: nan
Keywords: nan
IMDb Rating: 4.7
Rotten Tomatoes: None
Metacritic: None
TMDB Rating: nan
Box Office: N/A
Budget: nan
Revenue: nan
Awards: N/A
Collection: nan
Country: United States
Language: Cantonese, English",0.0,Unknown,4.7,6.004166666666666,6.603846153846154,6.554427350427351
9,Captain America,1979,movie,TV-PG,97.0,"Action, Adventure, Sci-Fi",Rod Holcomb,"Don Ingalls, Chester Krumholz, Jack Kirby","Reb Brown, Len Birman, Heather Menzies-Urich",A recipient of an experimental body enhancement chemical retaliates against his would be killers as a star spangled superhero.,English,United States,Unknown,3.5,7.886081401775745,76.0,64.0,Pre-MCU,Pre-MCU,1970s,46,0,0,0,"Action, Adventure, Science Fiction, TV Movie",3.983,4.465908118654584,0.9272,"Reb Brown, Len Birman, Heather Menzies, Robin Mattson, Joseph Ruskin",Rod Holcomb,Unknown,"Peter Carpenter, Mike Post","superhero, based on comic, super soldier",United States of America,English,0.0,0.0,Released,Sentinel of Liberty,19.70742255161285,18.603002309079653,19.193787894917058,"Title: Captain America
Year: 1979
Universe: Pre-MCU
MCU Phase: Pre-MCU
Type: movie
Rated: TV-PG
Runtime: 97 minutes
Genre: Action, Adventure, Sci-Fi
Director: Rod Holcomb
Writer: Don Ingalls, Chester Krumholz, Jack Kirby
Cast: Reb Brown, Len Birman, Heather Menzies-Urich
Top 5 Cast: Reb Brown, Len Birman, Heather Menzies, Robin Mattson, Joseph Ruskin
Plot: A recipient of an experimental body enhancement chemical retaliates against his would be killers as a star spangled superhero.
Tagline: Sentinel of Liberty
Keywords: superhero, based on comic, super soldier
IMDb Rating: 3.5
Rotten Tomatoes: None
Metacritic: None
TMDB Rating: 3.983
Box Office: N/A
Budget: 0
Revenue: 0
Awards: N/A
Collection: Captain America (Reb Brown) Collection
Country: United States
Language: English",15.0,Reb Brown,3.5,6.004166666666666,6.603846153846154,3.983
10,Captain America II: Death Too Soon,1979,movie,TV-PG,83.0,"Action, Adventure, Sci-Fi",Ivan Nagy,"Wilton Schiller, Patricia Payne, Jack Kirby","Reb Brown, Connie Sellecca, Len Birman",The star spangled hero must battle a villain's plan to poison America with a chemical that horrifically accelerates the aging process.,English,United States,Unknown,3.7,7.513709247839705,76.0,64.0,Pre-MCU,Pre-MCU,1970s,46,0,0,0,"Action, Drama, Science Fiction, TV Movie",3.8,4.189654742026425,0.6211,"Reb Brown, Connie Sellecca, Len Birman, Christopher Lee, Katherine Justice",Ivan Nagy,Martin M. Goldstein,"Mike Post, Peter Carpenter","superhero, based on comic",United States of America,English,0.0,0.0,Released,Sentinel of Liberty Returns,19.70742255161285,18.603002309079653,19.193787894917058,"Title: Captain America II: Death Too Soon
Year: 1979
Universe: Pre-MCU
MCU Phase: Pre-MCU
Type: movie
Rated: TV-PG
Runtime: 83 minutes
Genre: Action, Adventure, Sci-Fi
Director: Ivan Nagy
Writer: Wilton Schiller, Patricia Payne, Jack Kirby
Cast: Reb Brown, Connie Sellecca, Len Birman
Top 5 Cast: Reb Brown, Connie Sellecca, Len Birman, Christopher Lee, Katherine Justice
Plot: The star spangled hero must battle a villain's plan to poison America with a chemical that horrifically accelerates the aging process.
Tagline: Sentinel of Liberty Returns
Keywords: superhero, based on comic
IMDb Rating: 3.7
Rotten Tomatoes: None
Metacritic: None
TMDB Rating: 3.8
Box Office: N/A
Budget: 0
Revenue: 0
Awards: N/A
Collection: Captain America (Reb Brown) Collection
Country: United States
Language: English",15.0,Reb Brown,3.7,6.004166666666666,6.603846153846154,3.8
11,The Incredible Hulk Returns,1988,movie,TV-PG,100.0,"Action, Adventure, Drama","Nicholas Corea, Bill Bixby","Stan Lee, Nicholas Corea","Bill Bixby, Lou Ferrigno, Jack Colvin","Hopefully on the verge of curing his Hulk condition, Banner meets his colleague, Don Blake, who is mystically linked to a Viking warrior, Thor.",English,United States,Unknown,5.7,8.253227645581772,50.0,64.0,Pre-MCU,Pre-MCU,1980s,37,0,0,0,"Action, Drama, Adventure, TV Movie",6.287,5.10594547390058,1.1359,"Bill Bixby, Lou Ferrigno, Jack Colvin, Lee Purcell, Charles Napier",Nicholas Corea,Unknown,Lance Rubin,"superhero, transformation, based on comic, tragic hero, scientist, rage, anger, metamorphosis, strength, lonely",United States of America,English,0.0,0.0,Released,"His pent-up anger has been seething for 6 long years. Tonight, the incredible explosion!",19.70742255161285,18.603002309079653,19.193787894917058,"Title: The Incredible Hulk Returns
Year: 1988
Universe: Pre-MCU
MCU Phase: Pre-MCU
Type: movie
Rated: TV-PG
Runtime: 100 minutes
Genre: Action, Adventure, Drama
Director: Nicholas Corea, Bill Bixby
Writer: Stan Lee, Nicholas Corea
Cast: Bill Bixby, Lou Ferrigno, Jack Colvin
Top 5 Cast: Bill Bixby, Lou Ferrigno, Jack Colvin, Lee Purcell, Charles Napier
Plot: Hopefully on the verge of curing his Hulk condition, Banner meets his colleague, Don Blake, who is mystically linked to a Viking warrior, Thor.
Tagline: His pent-up anger has been seething for 6 long years. Tonight, the incredible explosion!
Keywords: superhero, transformation, based on comic, tragic hero, scientist, rage, anger, metamorphosis, strength, lonely
IMDb Rating: 5.7
Rotten Tomatoes: 50%
Metacritic: None
TMDB Rating: 6.287
Box Office: N/A
Budget: 0
Revenue: 0
Awards: N/A
Collection: The Incredible Hulk Collection
Country: United States
Language: English",15.0,Bill Bixby,5.7,6.004166666666666,5.0,6.287
12,The Trial of the Incredible Hulk,1989,movie,Not Rated,100.0,"Action, Adventure, Drama",Bill Bixby,Gerald Di Pego,"Bill Bixby, Lou Ferrigno, Marta DuBois","When Banner is held as a witness to a violent crime linked to the Kingpin, the fugitive is helped by lawyer Matt Murdock who is also the superhero, Daredevil.",English,United States,Unknown,5.8,8.052614818815567,76.0,64.0,Pre-MCU,Pre-MCU,1980s,36,0,0,0,"Adventure, Fantasy, Drama, Action, Science Fiction, TV Movie",6.4,4.983606621708336,1.2541,"Bill Bixby, Lou Ferrigno, Marta DuBois, Nancy Everhard, Nicholas Hormann",Bill Bixby,"Hugh Spencer-Phillips, Robert Ewing",Lance Rubin,"superhero, transformation, based on comic, scientist, rage, anger, daredevil, metamorphosis, strength, lonely",United States of America,English,0.0,0.0,Released,"One is the ultimate victim. The other is the ultimate hero. Tonight they will share their secrets, and join their incredible powers in a battle for survival on the ultimate battleground — the street.",19.70742255161285,18.603002309079653,19.193787894917058,"Title: The Trial of the Incredible Hulk
Year: 1989
Universe: Pre-MCU
MCU Phase: Pre-MCU
Type: movie
Rated: Not Rated
Runtime: 100 minutes
Genre: Action, Adventure, Drama
Director: Bill Bixby
Writer: Gerald Di Pego
Cast: Bill Bixby, Lou Ferrigno, Marta DuBois
Top 5 Cast: Bill Bixby, Lou Ferrigno, Marta DuBois, Nancy Everhard, Nicholas Hormann
Plot: When Banner is held as a witness to a violent crime linked to the Kingpin, the fugitive is helped by lawyer Matt Murdock who is also the superhero, Daredevil.
Tagline: One is the ultimate victim. The other is the ultimate hero. Tonight they will share their secrets, and join their incredible powers in a battle for survival on the ultimate battleground — the street.
Keywords: superhero, transformation, based on comic, scientist, rage, anger, daredevil, metamorphosis, strength, lonely
IMDb Rating: 5.8
Rotten Tomatoes: None
Metacritic: None
TMDB Rating: 6.4
Box Office: N/A
Budget: 0
Revenue: 0
Awards: N/A
Collection: The Incredible Hulk Collection
Country: United States
Language: English",15.0,Bill Bixby,5.8,6.004166666666666,6.603846153846154,6.4
13,The Punisher,1989,movie,R,89.0,"Action, Crime, Thriller",Mark Goldblatt,Boaz Yakin,"Dolph Lundgren, Louis Gossett Jr., Jeroen Krabbé","When Frank Castle's family is murdered by criminals, he wages war on crime as a vigilante assassin known only as The Punisher.","English, German, Japanese, Portuguese","Australia, United States",Unknown,5.6,10.209905507043057,24.0,63.0,Pre-MCU,Pre-MCU,1980s,36,0,0,0,"Action, Crime, Drama",5.8,6.532334292222349,3.5294,"Dolph Lundgren, Louis Gossett Jr., Jeroen Krabbé, Kim Miyori, Bryan Marshall",Mark Goldblatt,Robert Mark Kamen,Dennis Dreith,"showdown, loss of loved one, crime fighter, superhero, villainess, gang war, based on comic, revenge, vigilante, organized crime","Australia, United States of America","German, Japanese, English, Portuguese, Spanish",0.0,0.0,Released,"If society won't punish the guilty, he will.",19.70742255161285,16.012735246411598,19.193787894917058,"Title: The Punisher
Year: 1989
Universe: Pre-MCU
MCU Phase: Pre-MCU
Type: movie
Rated: R
Runtime: 89 minutes
Genre: Action, Crime, Thriller
Director: Mark Goldblatt
Writer: Boaz Yakin
Cast: Dolph Lundgren, Louis Gossett Jr., Jeroen Krabbé
Top 5 Cast: Dolph Lundgren, Louis Gossett Jr., Jeroen Krabbé, Kim Miyori, Bryan Marshall
Plot: When Frank Castle's family is murdered by criminals, he wages war on crime as a vigilante assassin known only as The Punisher.
Tagline: If society won't punish the guilty, he will.
Keywords: showdown, loss of loved one, crime fighter, superhero, villainess, gang war, based on comic, revenge, vigilante, organized crime
IMDb Rating: 5.6
Rotten Tomatoes: 24%
Metacritic: 63/100
TMDB Rating: 5.8
Box Office: N/A
Budget: 9000000
Revenue: 0
Awards: N/A
Collection: N/A
Country: Australia, United States
Language: English, German, Japanese, Portuguese",15.0,Dolph Lundgren,5.6,6.3,2.4,5.8
14,Captain America,1990,movie,PG-13,97.0,"Action, Adventure, Sci-Fi",Albert Pyun,"Joe Simon, Jack Kirby, Stephen Tolkin","Matt Salinger, Ronny Cox, Ned Beatty","Frozen in the ice for decades, Captain America is freed to battle against archcriminal The Red Skull.",English,"Yugoslavia, United States",Unknown,3.2,9.676524215119054,16.0,64.0,Pre-MCU,Pre-MCU,1990s,35,0,0,0,"Action, Adventure, Science Fiction, War",4.5,6.129050210060545,1.5304,"Matt Salinger, Ronny Cox, Ned Beatty, Darren McGavin, Michael Nouri",Albert Pyun,Menahem Golan,Barry Goldberg,"martial arts, washington dc, usa, superhero, wretch, based on comic, terrorism, super villain","United States of America, Yugoslavia, Croatia, Slovenia",English,0.0,0.0,Released,"As the entire world teetered on the brink of global destruction, there arose a man unlike any other...a man who personified truth and justice and all the hopes of mankind. They called him Captain America.",19.70742255161285,14.914123179965662,19.193787894917058,"Title: Captain America
Year: 1990
Universe: Pre-MCU
MCU Phase: Pre-MCU
Type: movie
Rated: PG-13
Runtime: 97 minutes
Genre: Action, Adventure, Sci-Fi
Director: Albert Pyun
Writer: Joe Simon, Jack Kirby, Stephen Tolkin
Cast: Matt Salinger, Ronny Cox, Ned Beatty
Top 5 Cast: Matt Salinger, Ronny Cox, Ned Beatty, Darren McGavin, Michael Nouri
Plot: Frozen in the ice for decades, Captain America is freed to battle against archcriminal The Red Skull.
Tagline: As the entire world teetered on the brink of global destruction, there arose a man unlike any other...a man who personified truth and justice and all the hopes of mankind. They called him Captain America.
Keywords: martial arts, washington dc, usa, superhero, wretch, based on comic, terrorism, super villain
IMDb Rating: 3.2
Rotten Tomatoes: 16%
Metacritic: None
TMDB Rating: 4.5
Box Office: N/A
Budget: 3000000
Revenue: 0
Awards: N/A
Collection: N/A
Country: Yugoslavia, United States
Language: English",15.0,Matt Salinger,3.2,6.004166666666666,1.6,4.5
15,The Death of the Incredible Hulk,1990,movie,Not Rated,95.0,"Action, Adventure, Drama",Bill Bixby,Gerald Di Pego,"Bill Bixby, Lou Ferrigno, Elizabeth Gracen","When Scientist Dr. Ronold Pratt and his wife are kidnapped, David Banner must become The Incredible Hulk for one last time",English,United States,Unknown,5.7,7.887959336599945,20.0,64.0,Pre-MCU,Pre-MCU,1990s,35,0,0,0,"Action, Drama, Science Fiction, TV Movie",5.7,4.74493212836325,1.4622,"Bill Bixby, Lou Ferrigno, Elizabeth Gracen, Philip Sterling, Barbara Tarbuck",Bill Bixby,"Robert Ewing, Hugh Spencer-Phillips",Unknown,"superhero, transformation, based on comic, alter ego, one man army, love interest, scientist, rage, anger, metamorphosis",United States of America,English,0.0,0.0,Released,"For 12 years, he's been running. Tonight, it's over. Tonight, David Banner will find freedom... or death.",19.70742255161285,18.603002309079653,19.193787894917058,"Title: The Death of the Incredible Hulk
Year: 1990
Universe: Pre-MCU
MCU Phase: Pre-MCU
Type: movie
Rated: Not Rated
Runtime: 95 minutes
Genre: Action, Adventure, Drama
Director: Bill Bixby
Writer: Gerald Di Pego
Cast: Bill Bixby, Lou Ferrigno, Elizabeth Gracen
Top 5 Cast: Bill Bixby, Lou Ferrigno, Elizabeth Gracen, Philip Sterling, Barbara Tarbuck
Plot: When Scientist Dr. Ronold Pratt and his wife are kidnapped, David Banner must become The Incredible Hulk for one last time
Tagline: For 12 years, he's been running. Tonight, it's over. Tonight, David Banner will find freedom... or death.
Keywords: superhero, transformation, based on comic, alter ego, one man army, love interest, scientist, rage, anger, metamorphosis
IMDb Rating: 5.7
Rotten Tomatoes: 20%
Metacritic: None
TMDB Rating: 5.7
Box Office: N/A
Budget: 0
Revenue: 0
Awards: N/A
Collection: The Incredible Hulk Collection
Country: United States
Language: English",15.0,Bill Bixby,5.7,6.004166666666666,2.0,5.7
16,Fantastic Four,1994,movie,PG,90.0,"Action, Adventure, Family",Oley Sassone,"Craig J. Nevius, Kevin Rock, Jack Kirby","Alex Hyde-White, Jay Underwood, Rebecca Staab","When dosed with cosmic rays, four intrepid explorers are given incredible powers.",English,"Germany, United States",Unknown,3.8,9.080801000621198,31.0,64.0,Pre-MCU,Pre-MCU,1990s,31,0,0,0,"Action, Science Fiction, Adventure",4.41,5.407171771460119,1.8956,"Alex Hyde-White, Jay Underwood, Rebecca Staab, Michael Bailey Smith, Ian Trigger",Oley Sassone,Steven Rabiner,"David Wurst, Eric Wurst","fire, flying, superhero, based on comic, blind girl, invisibility, teamwork, unreleased, never released","Germany, United States of America",English,0.0,0.0,Released,"Part muscle. Part elastic. Part fire. Part invisible. Together, it's clobberin' time!",19.70742255161285,14.220976332738882,19.193787894917058,"Title: Fantastic Four
Year: 1994
Universe: Pre-MCU
MCU Phase: Pre-MCU
Type: movie
Rated: PG
Runtime: 90 minutes
Genre: Action, Adventure, Family
Director: Oley Sassone
Writer: Craig J. Nevius, Kevin Rock, Jack Kirby
Cast: Alex Hyde-White, Jay Underwood, Rebecca Staab
Top 5 Cast: Alex Hyde-White, Jay Underwood, Rebecca Staab, Michael Bailey Smith, Ian Trigger
Plot: When dosed with cosmic rays, four intrepid explorers are given incredible powers.
Tagline: Part muscle. Part elastic. Part fire. Part invisible. Together, it's clobberin' time!
Keywords: fire, flying, superhero, based on comic, blind girl, invisibility, teamwork, unreleased, never released
IMDb Rating: 3.8
Rotten Tomatoes: 31%
Metacritic: None
TMDB Rating: 4.41
Box Office: N/A
Budget: 1500000
Revenue: 0
Awards: N/A
Collection: N/A
Country: Germany, United States
Language: English",15.0,Alex Hyde-White,3.8,6.004166666666666,3.1,4.41
17,Generation X,1996,movie,TV-PG,87.0,"Action, Adventure, Sci-Fi",Jack Sholder,Eric Blakeney,"Matt Frewer, Finola Hughes, Jeremy Ratchford",The new teenage students at a school for mutants (normal-looking humans with fantastic powers) try to stop an evil scientist from controlling the world's dreams.,English,United States,Unknown,4.4,7.6511201757027,76.0,64.0,Pre-MCU,Pre-MCU,1990s,29,0,0,0,"TV Movie, Action, Science Fiction",4.319,4.248495242049359,0.8741,"Matt Frewer, Finola Hughes, Jeremy Ratchford, Heather McComb, Agustin Rodriguez",Jack Sholder,David Roessell,J. Peter Robinson,"superhero, mutant, based on comic, mind reading, super power",United States of America,English,0.0,0.0,Released,Welcome to the future,19.70742255161285,15.76142084987672,19.193787894917058,"Title: Generation X
Year: 1996
Universe: Pre-MCU
MCU Phase: Pre-MCU
Type: movie
Rated: TV-PG
Runtime: 87 minutes
Genre: Action, Adventure, Sci-Fi
Director: Jack Sholder
Writer: Eric Blakeney
Cast: Matt Frewer, Finola Hughes, Jeremy Ratchford
Top 5 Cast: Matt Frewer, Finola Hughes, Jeremy Ratchford, Heather McComb, Agustin Rodriguez
Plot: The new teenage students at a school for mutants (normal-looking humans with fantastic powers) try to stop an evil scientist from controlling the world's dreams.
Tagline: Welcome to the future
Keywords: superhero, mutant, based on comic, mind reading, super power
IMDb Rating: 4.4
Rotten Tomatoes: None
Metacritic: None
TMDB Rating: 4.319
Box Office: N/A
Budget: 7000000
Revenue: 0
Awards: N/A
Collection: X-Anthology
Country: United States
Language: English",15.0,Matt Frewer,4.4,6.004166666666666,6.603846153846154,4.319
18,Nick Fury: Agent of S.H.I.E.L.D.,1998,Unknown,Unknown,117.0,Unknown,Unknown,Unknown,Unknown,Unknown,Unknown,Unknown,Unknown,6.75,12.664111228245407,76.0,64.0,Pre-MCU,Pre-MCU,1990s,27,0,0,0,"Science Fiction, Action, TV Movie",4.6,4.634728988229636,1.0715,"David Hasselhoff, Lisa Rinna, Sandra Hess, Neil Roberts, Garry Chalk",Rod Hardy,David Roessell,"Kevin Kiner, Gary Lionelli","hero, secret agent, based on comic",United States of America,English,0.0,0.0,Released,The Last Superhero!,19.70742255161285,18.603002309079653,19.193787894917058,"Title: Nick Fury: Agent of S.H.I.E.L.D.
Year: 1998
Universe: Pre-MCU
MCU Phase: Pre-MCU
Type: N/A
Rated: nan
Runtime: nan minutes
Genre: nan
Director: nan
Writer: nan
Cast: nan
Top 5 Cast: David Hasselhoff, Lisa Rinna, Sandra Hess, Neil Roberts, Garry Chalk
Plot: nan
Tagline: The Last Superhero!
Keywords: hero, secret agent, based on comic
IMDb Rating: nan
Rotten Tomatoes: nan
Metacritic: nan
TMDB Rating: 4.6
Box Office: nan
Budget: 0
Revenue: 0
Awards: nan
Collection: N/A
Country: nan
Language: nan",15.0,David Hasselhoff,6.564705882352942,6.004166666666666,6.603846153846154,4.6
19,Blade,1998,movie,R,120.0,"Action, Horror, Sci-Fi",Stephen Norrington,David S. Goyer,"Wesley Snipes, Stephen Dorff, Kris Kristofferson","A half-vampire, half-mortal man becomes a protector of the mortal race, while slaying evil vampires.","English, Russian, Serbian",United States,5 wins & 11 nominations total,7.1,12.700314515862498,59.0,47.0,Pre-MCU,Pre-MCU,1990s,27,0,0,0,"Horror, Action",6.84,8.814181823188319,9.5753,"Wesley Snipes, Stephen Dorff, Kris Kristofferson, N'Bushe Wright, Donal Logue",Stephen Norrington,"Peter Frankfurt, Robert Engelman, Wesley Snipes",Mark Isham,"martial arts, hero, vampire, superhero, supernatural, based on comic, rivalry, vampire hunter (slayer), sword fight, revenge",United States of America,"Russian, English",0.0,0.0,Released,"Against an army of Immortals, one warrior must draw first blood.",18.692107900680593,17.622173069956816,18.06525814407478,"Title: Blade
Year: 1998
Universe: Pre-MCU
MCU Phase: Pre-MCU
Type: movie
Rated: R
Runtime: 120 minutes
Genre: Action, Horror, Sci-Fi
Director: Stephen Norrington
Writer: David S. Goyer
Cast: Wesley Snipes, Stephen Dorff, Kris Kristofferson
Top 5 Cast: Wesley Snipes, Stephen Dorff, Kris Kristofferson, N'Bushe Wright, Donal Logue
Plot: A half-vampire, half-mortal man becomes a protector of the mortal race, while slaying evil vampires.
Tagline: Against an army of Immortals, one warrior must draw first blood.
Keywords: martial arts, hero, vampire, superhero, supernatural, based on comic, rivalry, vampire hunter (slayer), sword fight, revenge
IMDb Rating: 7.1
Rotten Tomatoes: 59%
Metacritic: 47/100
TMDB Rating: 6.84
Box Office: 70087718
Budget: 45000000
Revenue: 131183530
Awards: 5 wins & 11 nominations total
Collection: Blade Collection
Country: United States
Language: English, Russian, Serbian",15.0,Wesley Snipes,7.1,4.699999999999999,5.9,6.84
20,X-Men,2000,movie,PG-13,104.0,"Action, Adventure, Sci-Fi",Bryan Singer,"Tom DeSanto, Bryan Singer, David Hayter","Patrick Stewart, Hugh Jackman, Ian McKellen","In a world where mutants (evolved super-powered humans) exist and are discriminated against, two groups form for an inevitable clash: the supremacist Brotherhood, and the pacifist X-Men.",English,"United States, Canada",14 wins & 26 nominations total,7.3,13.445611415625851,82.0,64.0,Pre-MCU,Fox / X-Men,2000s,25,0,0,0,Documentary,7.037,5.488937726156687,1.2128,"Bruce Davison, Terry Anzur, Bryan Singer, Hugh Jackman, Tom DeSanto",Thomas C. Grane,"Richard Ingber, Stan Lee",Unknown,"mutant, behind the scenes, senate hearing",United States of America,English,0.0,0.0,Released,Unknown,19.70742255161285,18.603002309079653,18.873663581631487,"Title: X-Men
Year: 2000
Universe: Fox / X-Men
MCU Phase: Pre-MCU
Type: movie
Rated: PG-13
Runtime: 104 minutes
Genre: Action, Adventure, Sci-Fi
Director: Bryan Singer
Writer: Tom DeSanto, Bryan Singer, David Hayter
Cast: Patrick Stewart, Hugh Jackman, Ian McKellen
Top 5 Cast: Bruce Davison, Terry Anzur, Bryan Singer, Hugh Jackman, Tom DeSanto
Plot: In a world where mutants (evolved super-powered humans) exist and are discriminated against, two groups form for an inevitable clash: the supremacist Brotherhood, and the pacifist X-Men.
Tagline: 
Keywords: mutant, behind the scenes, senate hearing
IMDb Rating: 7.3
Rotten Tomatoes: 82%
Metacritic: 64/100
TMDB Rating: 7.037
Box Office: 157299718
Budget: 0
Revenue: 0
Awards: 14 wins & 26 nominations total
Collection: N/A
Country: United States, Canada
Language: English",15.0,Bruce Davison,7.3,6.4,8.2,7.037
21,Blade II,2002,movie,R,117.0,"Action, Horror, Sci-Fi",Guillermo del Toro,"Marv Wolfman, Gene Colan, David S. Goyer","Wesley Snipes, Kris Kristofferson, Ron Perlman","Blade forms an uneasy alliance with the vampire council in order to combat the Reapers, who are feeding on vampires.","English, Romanian, Czech","United States, Germany",6 wins & 10 nominations total,6.7,12.433921111355497,57.0,52.0,Pre-MCU,Pre-MCU,2000s,23,0,0,0,"Fantasy, Horror, Action, Thriller",6.565,8.56216655705897,6.3844,"Wesley Snipes, Kris Kristofferson, Ron Perlman, Leonor Varela, Norman Reedus",Guillermo del Toro,"Peter Frankfurt, Patrick J. Palmer, Wesley Snipes",Marco Beltrami,"martial arts, mutation, vampire, lasersight, superhero, katana, supernatural, based on comic, vampire hunter (slayer), revenge",United States of America,"Czech, Romanian, English",0.0,0.0,Released,Faster. Sharper. Deadlier.,18.859000401820946,17.804494623047066,18.226468613651228,"Title: Blade II
Year: 2002
Universe: Pre-MCU
MCU Phase: Pre-MCU
Type: movie
Rated: R
Runtime: 117 minutes
Genre: Action, Horror, Sci-Fi
Director: Guillermo del Toro
Writer: Marv Wolfman, Gene Colan, David S. Goyer
Cast: Wesley Snipes, Kris Kristofferson, Ron Perlman
Top 5 Cast: Wesley Snipes, Kris Kristofferson, Ron Perlman, Leonor Varela, Norman Reedus
Plot: Blade forms an uneasy alliance with the vampire council in order to combat the Reapers, who are feeding on vampires.
Tagline: Faster. Sharper. Deadlier.
Keywords: martial arts, mutation, vampire, lasersight, superhero, katana, supernatural, based on comic, vampire hunter (slayer), revenge
IMDb Rating: 6.7
Rotten Tomatoes: 57%
Metacritic: 52/100
TMDB Rating: 6.565
Box Office: 82348319
Budget: 54000000
Revenue: 155010032
Awards: 6 wins & 10 nominations total
Collection: Blade Collection
Country: United States, Germany
Language: English, Romanian, Czech",15.0,Wesley Snipes,6.7,5.2,5.7,6.565
22,Spider-Man,2002,movie,PG-13,121.0,"Action, Adventure, Sci-Fi",Sam Raimi,"Stan Lee, Steve Ditko, David Koepp","Tobey Maguire, Kirsten Dunst, Willem Dafoe","After being bitten by a genetically-modified spider, a shy teenager gains spider-like abilities that he uses to fight injustice as a masked superhero and face a vengeful enemy.",English,United States,Nominated for 2 Oscars. 17 wins & 65 nominations total,7.4,13.772863983242802,90.0,73.0,Pre-MCU,Sony / Spider-Man,2000s,23,0,0,0,"Action, Science Fiction",7.332,9.938902957757083,25.2972,"Tobey Maguire, Willem Dafoe, Kirsten Dunst, James Franco, Cliff Robertson",Sam Raimi,"Ian Bryce, Laura Ziskin",Danny Elfman,"new york city, adolescence, photographer, loss of loved one, photography, secret identity, hostility, superhero, spider, bad boss",United States of America,English,0.0,0.0,Released,Go for the ultimate spin.,20.526896330538627,18.749984498289212,19.82806336637108,"Title: Spider-Man
Year: 2002
Universe: Sony / Spider-Man
MCU Phase: Pre-MCU
Type: movie
Rated: PG-13
Runtime: 121 minutes
Genre: Action, Adventure, Sci-Fi
Director: Sam Raimi
Writer: Stan Lee, Steve Ditko, David Koepp
Cast: Tobey Maguire, Kirsten Dunst, Willem Dafoe
Top 5 Cast: Tobey Maguire, Willem Dafoe, Kirsten Dunst, James Franco, Cliff Robertson
Plot: After being bitten by a genetically-modified spider, a shy teenager gains spider-like abilities that he uses to fight injustice as a masked superhero and face a vengeful enemy.
Tagline: Go for the ultimate spin.
Keywords: new york city, adolescence, photographer, loss of loved one, photography, secret identity, hostility, superhero, spider, bad boss
IMDb Rating: 7.4
Rotten Tomatoes: 90%
Metacritic: 73/100
TMDB Rating: 7.332
Box Office: 408524875
Budget: 139000000
Revenue: 821708551
Awards: Nominated for 2 Oscars. 17 wins & 65 nominations total
Collection: Spider-Man Collection
Country: United States
Language: English",15.0,Tobey Maguire,7.4,7.3,9.0,7.332
23,Daredevil,2003,movie,PG-13,103.0,"Action, Crime, Drama",Mark Steven Johnson,Mark Steven Johnson,"Ben Affleck, Jennifer Garner, Colin Farrell",A man blinded by toxic waste which also enhanced his remaining senses fights crime as an acrobatic martial arts superhero.,"English, Greek, Italian","United States, Switzerland",5 wins & 17 nominations total,5.3,12.384716614948406,42.0,42.0,Pre-MCU,Pre-MCU,2000s,22,0,0,0,"Fantasy, Action",5.299,8.608860379942062,6.2811,"Ben Affleck, Jennifer Garner, Colin Farrell, Michael Clarke Duncan, Jon Favreau",Mark Steven Johnson,"Avi Arad, Gary Foster, Arnon Milchan",Graeme Revell,"blindness and impaired vision, narration, superhero, based on comic, blind, daredevil, hazardous waste, mob hit, duringcreditsstinger, intense","Switzerland, United States of America","English, Italian, Greek",0.0,0.0,Released,"When the streets have gone to Hell, have faith in the devil.",19.003899876877092,18.17221939747438,18.445797842045774,"Title: Daredevil
Year: 2003
Universe: Pre-MCU
MCU Phase: Pre-MCU
Type: movie
Rated: PG-13
Runtime: 103 minutes
Genre: Action, Crime, Drama
Director: Mark Steven Johnson
Writer: Mark Steven Johnson
Cast: Ben Affleck, Jennifer Garner, Colin Farrell
Top 5 Cast: Ben Affleck, Jennifer Garner, Colin Farrell, Michael Clarke Duncan, Jon Favreau
Plot: A man blinded by toxic waste which also enhanced his remaining senses fights crime as an acrobatic martial arts superhero.
Tagline: When the streets have gone to Hell, have faith in the devil.
Keywords: blindness and impaired vision, narration, superhero, based on comic, blind, daredevil, hazardous waste, mob hit, duringcreditsstinger, intense
IMDb Rating: 5.3
Rotten Tomatoes: 42%
Metacritic: 42/100
TMDB Rating: 5.299
Box Office: 102543518
Budget: 78000000
Revenue: 179179718
Awards: 5 wins & 17 nominations total
Collection: N/A
Country: United States, Switzerland
Language: English, Greek, Italian",15.0,Ben Affleck,5.3,4.2,4.2,5.299
24,X2,2003,movie,PG-13,134.0,"Action, Sci-Fi, Thriller",Bryan Singer,"Zak Penn, David Hayter, Bryan Singer","Patrick Stewart, Hugh Jackman, Halle Berry","When anti-mutant Colonel William Stryker kidnaps Professor X and attacks his school, the X-Men must ally with their archenemy Magneto to stop him.","English, German, Italian, Spanish","Canada, United States",6 wins & 41 nominations total,7.4,13.322916065903932,85.0,68.0,Pre-MCU,Fox / X-Men,2000s,22,0,0,0,Documentary,5.667,2.302585092994046,0.4676,"Hugh Jackman, Famke Janssen, Rebecca Romijn, James Marsden, Anna Paquin",Unknown,Unknown,Unknown,Unknown,Unknown,Unknown,0.0,0.0,Released,Unknown,19.70742255161285,18.603002309079653,19.185914581970923,"Title: X2
Year: 2003
Universe: Fox / X-Men
MCU Phase: Pre-MCU
Type: movie
Rated: PG-13
Runtime: 134 minutes
Genre: Action, Sci-Fi, Thriller
Director: Bryan Singer
Writer: Zak Penn, David Hayter, Bryan Singer
Cast: Patrick Stewart, Hugh Jackman, Halle Berry
Top 5 Cast: Hugh Jackman, Famke Janssen, Rebecca Romijn, James Marsden, Anna Paquin
Plot: When anti-mutant Colonel William Stryker kidnaps Professor X and attacks his school, the X-Men must ally with their archenemy Magneto to stop him.
Tagline: 
Keywords: 
IMDb Rating: 7.4
Rotten Tomatoes: 85%
Metacritic: 68/100
TMDB Rating: 5.667
Box Office: 214949694
Budget: 0
Revenue: 0
Awards: 6 wins & 41 nominations total
Collection: N/A
Country: Canada, United States
Language: English, German, Italian, Spanish",10.0,Hugh Jackman,7.4,6.800000000000001,8.5,5.667
25,Hulk,2003,movie,PG-13,138.0,"Action, Sci-Fi",Ang Lee,"Stan Lee, Jack Kirby, James Schamus","Eric Bana, Jennifer Connelly, Sam Elliott","Bruce Banner, a genetics researcher with a tragic past, suffers a lab accident that makes him transform into a raging, giant green monster when angered, making him a target of forces seeking to abuse his power.","English, Spanish",United States,3 wins & 15 nominations total,5.7,12.579059326771038,63.0,54.0,Pre-MCU,Pre-MCU,2000s,22,0,0,0,"Science Fiction, Adventure, Action",5.583,8.745921121024347,7.3531,"Eric Bana, Jennifer Connelly, Sam Elliott, Josh Lucas, Nick Nolte",Ang Lee,"James Schamus, Gale Anne Hurd, Avi Arad",Danny Elfman,"california, monster, general, mutation, san francisco, california, gun, superhero, dna, transformation, psychology",United States of America,"Spanish, English",0.0,0.0,Released,What if everything you were forced to keep inside was suddenly set free?,19.318239038153088,18.73549149109167,18.69965426934324,"Title: Hulk
Year: 2003
Universe: Pre-MCU
MCU Phase: Pre-MCU
Type: movie
Rated: PG-13
Runtime: 138 minutes
Genre: Action, Sci-Fi
Director: Ang Lee
Writer: Stan Lee, Jack Kirby, James Schamus
Cast: Eric Bana, Jennifer Connelly, Sam Elliott
Top 5 Cast: Eric Bana, Jennifer Connelly, Sam Elliott, Josh Lucas, Nick Nolte
Plot: Bruce Banner, a genetics researcher with a tragic past, suffers a lab accident that makes him transform into a raging, giant green monster when angered, making him a target of forces seeking to abuse his power.
Tagline: What if everything you were forced to keep inside was suddenly set free?
Keywords: california, monster, general, mutation, san francisco, california, gun, superhero, dna, transformation, psychology
IMDb Rating: 5.7
Rotten Tomatoes: 63%
Metacritic: 54/100
TMDB Rating: 5.583
Box Office: 132177234
Budget: 137000000
Revenue: 245360480
Awards: 3 wins & 15 nominations total
Collection: N/A
Country: United States
Language: English, Spanish",15.0,Eric Bana,5.7,5.4,6.3,5.583
26,The Punisher,2004,movie,R,124.0,"Action, Crime, Drama",Jonathan Hensleigh,"Jonathan Hensleigh, Michael France","Thomas Jane, John Travolta, Samantha Mathis",An undercover FBI agent becomes a vigilante and sets out to unleash his wrath upon the corrupt businessman who slaughtered his entire family at a reunion.,"English, French, Czech, Hungarian, Danish, Spanish, German","United States, Germany, Japan",1 win & 5 nominations total,6.4,12.08695121462231,30.0,33.0,Pre-MCU,Pre-MCU,2000s,21,0,0,0,"Action, Crime, Drama",6.375,8.057694194815587,7.8851,"Thomas Jane, John Travolta, Will Patton, Roy Scheider, Laura Harring",Jonathan Hensleigh,"Avi Arad, Gale Anne Hurd",Carlo Siliotto,"undercover, submachine gun, chain, superhero, twin brother, based on comic, revenge, vigilante, organized crime, neighbor","Germany, United States of America",English,0.0,0.0,Released,"There is no justice, there is only revenge.",17.81737620523311,17.312018149733785,17.33627279430744,"Title: The Punisher
Year: 2004
Universe: Pre-MCU
MCU Phase: Pre-MCU
Type: movie
Rated: R
Runtime: 124 minutes
Genre: Action, Crime, Drama
Director: Jonathan Hensleigh
Writer: Jonathan Hensleigh, Michael France
Cast: Thomas Jane, John Travolta, Samantha Mathis
Top 5 Cast: Thomas Jane, John Travolta, Will Patton, Roy Scheider, Laura Harring
Plot: An undercover FBI agent becomes a vigilante and sets out to unleash his wrath upon the corrupt businessman who slaughtered his entire family at a reunion.
Tagline: There is no justice, there is only revenge.
Keywords: undercover, submachine gun, chain, superhero, twin brother, based on comic, revenge, vigilante, organized crime, neighbor
IMDb Rating: 6.4
Rotten Tomatoes: 30%
Metacritic: 33/100
TMDB Rating: 6.375
Box Office: 33810189
Budget: 33000000
Revenue: 54700105
Awards: 1 win & 5 nominations total
Collection: The Punisher Collection
Country: United States, Germany, Japan
Language: English, French, Czech, Hungarian, Danish, Spanish, German",15.0,Thomas Jane,6.4,3.3000000000000003,3.0,6.375
27,Spider-Man 2,2004,movie,PG-13,127.0,"Action, Adventure, Sci-Fi",Sam Raimi,"Stan Lee, Steve Ditko, Alfred Gough","Tobey Maguire, Kirsten Dunst, Alfred Molina",Peter Parker is beset with troubles in his failing personal life as he battles a former brilliant scientist named Otto Octavius.,"English, Russian, Chinese",United States,Won 1 Oscar. 25 wins & 60 nominations total,7.5,13.563835064507181,93.0,83.0,Pre-MCU,Sony / Spider-Man,2000s,21,0,0,0,"Action, Adventure, Science Fiction",7.311,9.70509758756311,7.5453,"Tobey Maguire, Kirsten Dunst, James Franco, Alfred Molina, Rosemary Harris",Sam Raimi,"Avi Arad, Lorne Orleans, Laura Ziskin",Danny Elfman,"new york city, dual identity, love of one's life, secret identity, superhero, pizza boy, based on comic, sequel, romance, doctor",United States of America,"English, Russian, Mandarin",0.0,0.0,Released,There's a hero in all of us.,20.486247035525807,19.11382792951231,19.74267079917082,"Title: Spider-Man 2
Year: 2004
Universe: Sony / Spider-Man
MCU Phase: Pre-MCU
Type: movie
Rated: PG-13
Runtime: 127 minutes
Genre: Action, Adventure, Sci-Fi
Director: Sam Raimi
Writer: Stan Lee, Steve Ditko, Alfred Gough
Cast: Tobey Maguire, Kirsten Dunst, Alfred Molina
Top 5 Cast: Tobey Maguire, Kirsten Dunst, James Franco, Alfred Molina, Rosemary Harris
Plot: Peter Parker is beset with troubles in his failing personal life as he battles a former brilliant scientist named Otto Octavius.
Tagline: There's a hero in all of us.
Keywords: new york city, dual identity, love of one's life, secret identity, superhero, pizza boy, based on comic, sequel, romance, doctor
IMDb Rating: 7.5
Rotten Tomatoes: 93%
Metacritic: 83/100
TMDB Rating: 7.311
Box Office: 375087840
Budget: 200000000
Revenue: 788976453
Awards: Won 1 Oscar. 25 wins & 60 nominations total
Collection: Spider-Man Collection
Country: United States
Language: English, Russian, Chinese",15.0,Tobey Maguire,7.5,8.299999999999999,9.3,7.311
28,Mutant X,2004,Unknown,Unknown,117.0,Unknown,Unknown,Unknown,Unknown,Unknown,Unknown,Unknown,Unknown,6.75,12.664111228245407,76.0,64.0,Pre-MCU,Pre-MCU,2000s,21,0,0,0,Unknown,6.745,8.745921121024347,8.1973,Unknown,Unknown,Unknown,Unknown,Unknown,Unknown,Unknown,0.0,0.0,Unknown,Unknown,19.70742255161285,18.603002309079653,19.193787894917058,"Title: Mutant X
Year: 2004
Universe: Pre-MCU
MCU Phase: Pre-MCU
Type: N/A
Rated: nan
Runtime: nan minutes
Genre: nan
Director: nan
Writer: nan
Cast: nan
Top 5 Cast: nan
Plot: nan
Tagline: nan
Keywords: nan
IMDb Rating: nan
Rotten Tomatoes: nan
Metacritic: nan
TMDB Rating: nan
Box Office: nan
Budget: nan
Revenue: nan
Awards: nan
Collection: nan
Country: nan
Language: nan",0.0,Unknown,6.564705882352942,6.004166666666666,6.603846153846154,6.554427350427351
29,Elektra,2005,movie,PG-13,97.0,"Action, Adventure, Crime",Rob Bowman,"Mark Steven Johnson, Frank Miller, Zak Penn","Jennifer Garner, Goran Visnjic, Will Yun Lee",An assassin's change of heart leads her into a war against an evil crime syndicate.,"English, Japanese","Switzerland, Canada, United States",2 nominations total,4.7,11.557401575070745,11.0,34.0,Pre-MCU,Pre-MCU,2000s,20,0,0,0,"Action, Fantasy, Adventure",5.053,7.891330757661889,4.0577,"Jennifer Garner, Goran Višnjić, Will Yun Lee, Cary-Hiroyuki Tagawa, Terence Stamp",Rob Bowman,"Avi Arad, Arnon Milchan, Gary Foster",Christophe Beck,"martial arts, superhero, based on comic, vigilante, female assassin, spin off, women fight, one woman army, supernatural power, vigilante justice",United States of America,"English, Japanese",0.0,0.0,Released,Looks CAN kill.,17.852959618840732,17.57671069691365,17.01049209449648,"Title: Elektra
Year: 2005
Universe: Pre-MCU
MCU Phase: Pre-MCU
Type: movie
Rated: PG-13
Runtime: 97 minutes
Genre: Action, Adventure, Crime
Director: Rob Bowman
Writer: Mark Steven Johnson, Frank Miller, Zak Penn
Cast: Jennifer Garner, Goran Visnjic, Will Yun Lee
Top 5 Cast: Jennifer Garner, Goran Višnjić, Will Yun Lee, Cary-Hiroyuki Tagawa, Terence Stamp
Plot: An assassin's change of heart leads her into a war against an evil crime syndicate.
Tagline: Looks CAN kill.
Keywords: martial arts, superhero, based on comic, vigilante, female assassin, spin off, women fight, one woman army, supernatural power, vigilante justice
IMDb Rating: 4.7
Rotten Tomatoes: 11%
Metacritic: 34/100
TMDB Rating: 5.053
Box Office: 24409722
Budget: 43000000
Revenue: 56681566
Awards: 2 nominations total
Collection: N/A
Country: Switzerland, Canada, United States
Language: English, Japanese",15.0,Jennifer Garner,4.7,3.4000000000000004,1.1,5.053
30,Man-Thing,2005,movie,R,97.0,"Action, Adventure, Horror",Brett Leonard,"Steve Gerber, Hans Rodionoff","Jack Thompson, Matthew Le Nevez, Steve Bastoni","Agents of an oil tycoon vanish while exploring a swamp marked for drilling. The local sheriff investigates and faces a Seminole legend come to life: Man-Thing, a shambling swamp-monster whose touch burns those who feel fear.",English,"United States, Germany, Australia",Unknown,4.1,8.882946799288174,14.0,64.0,Pre-MCU,Pre-MCU,2000s,20,0,0,0,"Action, Horror, Adventure, Science Fiction, Romance",4.315,5.41610040220442,1.2841,"Matthew Le Nevez, Rachael Taylor, Jack Thompson, Rawiri Paratene, Alex O'Loughlin",Brett Leonard,"Avi Arad, Scott Karol, Christopher Petzel",Roger Mason,"hero, monster, superhero, swamp, based on comic",United States of America,English,0.0,0.0,Released,The nature of fear,13.931636220937005,15.424948670398354,19.193787894917058,"Title: Man-Thing
Year: 2005
Universe: Pre-MCU
MCU Phase: Pre-MCU
Type: movie
Rated: R
Runtime: 97 minutes
Genre: Action, Adventure, Horror
Director: Brett Leonard
Writer: Steve Gerber, Hans Rodionoff
Cast: Jack Thompson, Matthew Le Nevez, Steve Bastoni
Top 5 Cast: Matthew Le Nevez, Rachael Taylor, Jack Thompson, Rawiri Paratene, Alex O'Loughlin
Plot: Agents of an oil tycoon vanish while exploring a swamp marked for drilling. The local sheriff investigates and faces a Seminole legend come to life: Man-Thing, a shambling swamp-monster whose touch burns those who feel fear.
Tagline: The nature of fear
Keywords: hero, monster, superhero, swamp, based on comic
IMDb Rating: 4.1
Rotten Tomatoes: 14%
Metacritic: None
TMDB Rating: 4.315
Box Office: N/A
Budget: 5000000
Revenue: 1123136
Awards: N/A
Collection: N/A
Country: United States, Germany, Australia
Language: English",15.0,Matthew Le Nevez,4.1,6.004166666666666,1.4,4.315
31,Fantastic Four,2005,movie,PG-13,106.0,"Action, Adventure, Fantasy",Tim Story,"Mark Frost, Michael France, Stan Lee","Ioan Gruffudd, Michael Chiklis, Chris Evans","A group of astronauts gain superpowers after a cosmic radiation exposure and must use them to oppose the plans of their enemy, Doctor Victor Von Doom.",English,"Germany, United States, Canada",4 wins & 13 nominations total,5.7,12.830255525623583,28.0,40.0,Pre-MCU,Pre-MCU,2000s,20,0,0,0,"Action, Fantasy, Science Fiction",5.8,9.211140052146748,7.3256,"Ioan Gruffudd, Jessica Alba, Chris Evans, Michael Chiklis, Julian McMahon",Tim Story,"Bernd Eichinger, Avi Arad, Ralph Winter",John Ottman,"mask, friendship, marriage proposal, fire, sibling relationship, flying, radiation, missile, superhero, dna","Germany, United States of America",English,0.0,0.0,Released,4 times the action. 4 times the adventure. 4 times the fantastic.,19.625261168639653,18.420680753952364,18.85697298232002,"Title: Fantastic Four
Year: 2005
Universe: Pre-MCU
MCU Phase: Pre-MCU
Type: movie
Rated: PG-13
Runtime: 106 minutes
Genre: Action, Adventure, Fantasy
Director: Tim Story
Writer: Mark Frost, Michael France, Stan Lee
Cast: Ioan Gruffudd, Michael Chiklis, Chris Evans
Top 5 Cast: Ioan Gruffudd, Jessica Alba, Chris Evans, Michael Chiklis, Julian McMahon
Plot: A group of astronauts gain superpowers after a cosmic radiation exposure and must use them to oppose the plans of their enemy, Doctor Victor Von Doom.
Tagline: 4 times the action. 4 times the adventure. 4 times the fantastic.
Keywords: mask, friendship, marriage proposal, fire, sibling relationship, flying, radiation, missile, superhero, dna
IMDb Rating: 5.7
Rotten Tomatoes: 28%
Metacritic: 40/100
TMDB Rating: 5.8
Box Office: 154696080
Budget: 100000000
Revenue: 333535934
Awards: 4 wins & 13 nominations total
Collection: Fantastic Four Collection
Country: Germany, United States, Canada
Language: English",15.0,Ioan Gruffudd,5.7,4.0,2.8,5.8
32,"Blade: Trinity (released late 2004 in some regions, wide rollout through 2005)",2006,Unknown,Unknown,117.0,Unknown,Unknown,Unknown,Unknown,Unknown,Unknown,Unknown,Unknown,6.75,12.664111228245407,76.0,64.0,Pre-MCU,Pre-MCU,2000s,19,0,0,0,Unknown,6.745,8.745921121024347,8.1973,Unknown,Unknown,Unknown,Unknown,Unknown,Unknown,Unknown,0.0,0.0,Unknown,Unknown,19.70742255161285,18.603002309079653,19.193787894917058,"Title: Blade: Trinity (released late 2004 in some regions, wide rollout through 2005)
Year: 2006
Universe: Pre-MCU
MCU Phase: Pre-MCU
Type: N/A
Rated: nan
Runtime: nan minutes
Genre: nan
Director: nan
Writer: nan
Cast: nan
Top 5 Cast: nan
Plot: nan
Tagline: nan
Keywords: nan
IMDb Rating: nan
Rotten Tomatoes: nan
Metacritic: nan
TMDB Rating: nan
Box Office: nan
Budget: nan
Revenue: nan
Awards: nan
Collection: nan
Country: nan
Language: nan",0.0,Unknown,6.564705882352942,6.004166666666666,6.603846153846154,6.554427350427351
33,X-Men: The Last Stand,2006,movie,PG-13,104.0,"Action, Adventure, Sci-Fi",Brett Ratner,"Simon Kinberg, Zak Penn","Patrick Stewart, Hugh Jackman, Halle Berry","The human government develops a cure for mutations, and Jean Grey becomes a darker uncontrollable persona called the Phoenix who allies with Magneto, causing escalation into an all-out battle for the X-Men.",English,"United States, United Kingdom, Canada",7 wins & 40 nominations total,6.6,13.256159734922553,56.0,58.0,Pre-MCU,Fox / X-Men,2000s,19,0,0,0,"Adventure, Action, Science Fiction",6.423,9.249753374333018,0.4695,"Hugh Jackman, Halle Berry, Ian McKellen, Patrick Stewart, Famke Janssen",Brett Ratner,"Lauren Shuler Donner, Ralph Winter, Avi Arad",John Powell,"superhero, mutant, based on comic, superhuman, beast, cyclops, aftercreditsstinger, dramatic",United States of America,English,0.0,0.0,Released,Take a stand.,19.94534380777439,19.162618093443648,19.272379462058243,"Title: X-Men: The Last Stand
Year: 2006
Universe: Fox / X-Men
MCU Phase: Pre-MCU
Type: movie
Rated: PG-13
Runtime: 104 minutes
Genre: Action, Adventure, Sci-Fi
Director: Brett Ratner
Writer: Simon Kinberg, Zak Penn
Cast: Patrick Stewart, Hugh Jackman, Halle Berry
Top 5 Cast: Hugh Jackman, Halle Berry, Ian McKellen, Patrick Stewart, Famke Janssen
Plot: The human government develops a cure for mutations, and Jean Grey becomes a darker uncontrollable persona called the Phoenix who allies with Magneto, causing escalation into an all-out battle for the X-Men.
Tagline: Take a stand.
Keywords: superhero, mutant, based on comic, superhuman, beast, cyclops, aftercreditsstinger, dramatic
IMDb Rating: 6.6
Rotten Tomatoes: 56%
Metacritic: 58/100
TMDB Rating: 6.423
Box Office: 234362462
Budget: 210000000
Revenue: 459359555
Awards: 7 wins & 40 nominations total
Collection: X-Men Collection
Country: United States, United Kingdom, Canada
Language: English",15.0,Hugh Jackman,6.6,5.8,5.6,6.423
34,Ghost Rider,2007,movie,PG-13,110.0,"Action, Fantasy, Thriller",Mark Steven Johnson,Mark Steven Johnson,"Nicolas Cage, Eva Mendes, Sam Elliott",A motorcycle stuntman who sold his soul becomes a supernatural agent of vengeance.,English,"United States, Australia",1 win & 11 nominations total,5.3,12.495625467039249,28.0,35.0,Pre-MCU,Pre-MCU,2000s,18,0,0,0,"Thriller, Action, Fantasy",5.6,8.777555453213056,8.6893,"Nicolas Cage, Eva Mendes, Sam Elliott, Wes Bentley, Peter Fonda",Mark Steven Johnson,"Gary Foster, Avi Arad, Michael De Luca",Christopher Young,"dying and death, religion and supernatural, superhero, possession, devil's son, stunt, flame, stuntman, based on comic, soul selling",United States of America,English,0.0,0.0,Released,Long ago he made a deal to save someone he loved.,19.248089524220738,18.5159909328476,18.56739754944928,"Title: Ghost Rider
Year: 2007
Universe: Pre-MCU
MCU Phase: Pre-MCU
Type: movie
Rated: PG-13
Runtime: 110 minutes
Genre: Action, Fantasy, Thriller
Director: Mark Steven Johnson
Writer: Mark Steven Johnson
Cast: Nicolas Cage, Eva Mendes, Sam Elliott
Top 5 Cast: Nicolas Cage, Eva Mendes, Sam Elliott, Wes Bentley, Peter Fonda
Plot: A motorcycle stuntman who sold his soul becomes a supernatural agent of vengeance.
Tagline: Long ago he made a deal to save someone he loved.
Keywords: dying and death, religion and supernatural, superhero, possession, devil's son, stunt, flame, stuntman, based on comic, soul selling
IMDb Rating: 5.3
Rotten Tomatoes: 28%
Metacritic: 35/100
TMDB Rating: 5.6
Box Office: 115802596
Budget: 110000000
Revenue: 228738393
Awards: 1 win & 11 nominations total
Collection: Ghost Rider Collection
Country: United States, Australia
Language: English",15.0,Nicolas Cage,5.3,3.5,2.8,5.6
35,Spider-Man 3,2007,movie,PG-13,139.0,"Action, Adventure, Sci-Fi",Sam Raimi,"Sam Raimi, Ivan Raimi, Alvin Sargent","Tobey Maguire, Kirsten Dunst, Topher Grace","A strange black entity from another world bonds with Peter Parker and causes inner turmoil as he contends with new villains, temptations, and revenge.","English, French",United States,Nominated for 1 BAFTA Award4 wins & 44 nominations total,6.3,13.44741637628527,62.0,59.0,Pre-MCU,Sony / Spider-Man,2000s,18,0,0,0,"Action, Adventure, Science Fiction",6.463,9.632793693113202,18.0511,"Tobey Maguire, Kirsten Dunst, James Franco, Thomas Haden Church, Topher Grace",Sam Raimi,"Avi Arad, Grant Curtis, Laura Ziskin",Christopher Young,"amnesia, dual identity, love of one's life, loss of loved one, forgiveness, hostility, superhero, sandstorm, spider, wretch",United States of America,"English, French",0.0,0.0,Released,The greatest battle lies within.,20.61231569953027,19.36847014676186,19.638652067219347,"Title: Spider-Man 3
Year: 2007
Universe: Sony / Spider-Man
MCU Phase: Pre-MCU
Type: movie
Rated: PG-13
Runtime: 139 minutes
Genre: Action, Adventure, Sci-Fi
Director: Sam Raimi
Writer: Sam Raimi, Ivan Raimi, Alvin Sargent
Cast: Tobey Maguire, Kirsten Dunst, Topher Grace
Top 5 Cast: Tobey Maguire, Kirsten Dunst, James Franco, Thomas Haden Church, Topher Grace
Plot: A strange black entity from another world bonds with Peter Parker and causes inner turmoil as he contends with new villains, temptations, and revenge.
Tagline: The greatest battle lies within.
Keywords: amnesia, dual identity, love of one's life, loss of loved one, forgiveness, hostility, superhero, sandstorm, spider, wretch
IMDb Rating: 6.3
Rotten Tomatoes: 62%
Metacritic: 59/100
TMDB Rating: 6.463
Box Office: 338032318
Budget: 258000000
Revenue: 894983373
Awards: Nominated for 1 BAFTA Award4 wins & 44 nominations total
Collection: Spider-Man Collection
Country: United States
Language: English, French",15.0,Tobey Maguire,6.3,5.8999999999999995,6.2,6.463
36,Fantastic Four: Rise of the Silver Surfer,2007,movie,PG,92.0,"Action, Adventure, Fantasy",Tim Story,"Don Payne, Mark Frost, John Turman","Ioan Gruffudd, Jessica Alba, Chris Evans",The Fantastic Four learn that they aren't the only super-powered beings in the universe when they square off against the powerful Silver Surfer and the planet-eating Galactus.,"English, Japanese, Chinese, Arabic","United Kingdom, Germany, United States, Hong Kong, China, Thailand, Canada",3 wins & 17 nominations total,5.6,12.607275349151886,38.0,45.0,Pre-MCU,Pre-MCU,2000s,18,0,0,0,"Science Fiction, Adventure, Action",5.633,9.037771106624906,5.861,"Ioan Gruffudd, Jessica Alba, Chris Evans, Michael Chiklis, Julian McMahon",Tim Story,"Avi Arad, Ralph Winter, Bernd Eichinger",John Ottman,"mask, surfboard, helicopter, fire, airplane, superhero, transformation, satellite, forest, resurrection","Germany, United Kingdom, United States of America","English, Japanese, Arabic, Mandarin",0.0,0.0,Released,Discover the secret of the Surfer.,19.525649891578034,18.683045016112164,18.69771941836039,"Title: Fantastic Four: Rise of the Silver Surfer
Year: 2007
Universe: Pre-MCU
MCU Phase: Pre-MCU
Type: movie
Rated: PG
Runtime: 92 minutes
Genre: Action, Adventure, Fantasy
Director: Tim Story
Writer: Don Payne, Mark Frost, John Turman
Cast: Ioan Gruffudd, Jessica Alba, Chris Evans
Top 5 Cast: Ioan Gruffudd, Jessica Alba, Chris Evans, Michael Chiklis, Julian McMahon
Plot: The Fantastic Four learn that they aren't the only super-powered beings in the universe when they square off against the powerful Silver Surfer and the planet-eating Galactus.
Tagline: Discover the secret of the Surfer.
Keywords: mask, surfboard, helicopter, fire, airplane, superhero, transformation, satellite, forest, resurrection
IMDb Rating: 5.6
Rotten Tomatoes: 38%
Metacritic: 45/100
TMDB Rating: 5.633
Box Office: 131921738
Budget: 130000000
Revenue: 301913131
Awards: 3 wins & 17 nominations total
Collection: Fantastic Four Collection
Country: United Kingdom, Germany, United States, Hong Kong, China, Thailand, Canada
Language: English, Japanese, Chinese, Arabic",15.0,Ioan Gruffudd,5.6,4.5,3.8,5.633
37,Iron Man,2008,movie,PG-13,126.0,"Action, Adventure, Sci-Fi",Jon Favreau,"Mark Fergus, Hawk Ostby, Art Marcum","Robert Downey Jr., Gwyneth Paltrow, Terrence Howard","After being held captive in an Afghan cave, billionaire engineer Tony Stark creates a unique weaponized suit of armor to fight evil.","English, Persian, Urdu, Arabic, Kurdish, Hindi, Hungarian","United States, Canada",Nominated for 2 Oscars. 24 wins & 73 nominations total,7.9,14.016967853066705,94.0,79.0,Phase 1,MCU,2000s,17,0,0,1,"Action, Science Fiction, Adventure",7.662,10.246970868288411,19.9986,"Robert Downey Jr., Terrence Howard, Jeff Bridges, Gwyneth Paltrow, Leslie Bibb",Jon Favreau,"Avi Arad, Kevin Feige",Ramin Djawadi,"middle east, kidnapping, superhero, arms dealer, based on comic, aftercreditsstinger, marvel cinematic universe (mcu), counterterrorism, audacious",United States of America,"English, Persian, Urdu, Arabic",0.0,0.0,Released,Heroes aren't born. They're built.,20.18742017795144,18.757152987716434,19.58080863621826,"Title: Iron Man
Year: 2008
Universe: MCU
MCU Phase: Phase 1
Type: movie
Rated: PG-13
Runtime: 126 minutes
Genre: Action, Adventure, Sci-Fi
Director: Jon Favreau
Writer: Mark Fergus, Hawk Ostby, Art Marcum
Cast: Robert Downey Jr., Gwyneth Paltrow, Terrence Howard
Top 5 Cast: Robert Downey Jr., Terrence Howard, Jeff Bridges, Gwyneth Paltrow, Leslie Bibb
Plot: After being held captive in an Afghan cave, billionaire engineer Tony Stark creates a unique weaponized suit of armor to fight evil.
Tagline: Heroes aren't born. They're built.
Keywords: middle east, kidnapping, superhero, arms dealer, based on comic, aftercreditsstinger, marvel cinematic universe (mcu), counterterrorism, audacious
IMDb Rating: 7.9
Rotten Tomatoes: 94%
Metacritic: 79/100
TMDB Rating: 7.662
Box Office: 319034126
Budget: 140000000
Revenue: 585174222
Awards: Nominated for 2 Oscars. 24 wins & 73 nominations total
Collection: Iron Man Collection
Country: United States, Canada
Language: English, Persian, Urdu, Arabic, Kurdish, Hindi, Hungarian",15.0,Robert Downey Jr.,7.9,7.9,9.4,7.662
38,The Incredible Hulk,2008,movie,PG-13,112.0,"Action, Adventure, Sci-Fi",Louis Leterrier,"Zak Penn, Stan Lee, Jack Kirby","Edward Norton, Liv Tyler, Tim Roth","Bruce Banner, a scientist on the run from the U.S. Government, must find a cure for the monster he turns into whenever he loses his temper.","English, Portuguese, Spanish","United States, Canada, Japan",4 wins & 10 nominations total,6.6,13.242124899010426,68.0,61.0,Phase 1,MCU,2000s,17,0,0,1,"Science Fiction, Action, Adventure",6.244,9.451245252869034,12.6732,"Edward Norton, Liv Tyler, Tim Roth, William Hurt, Tim Blake Nelson",Louis Leterrier,"Gale Anne Hurd, Kevin Feige, Avi Arad",Craig Armstrong,"new york city, rio de janeiro, superhero, based on comic, fugitive, on the run, super soldier, scientist, virginia, military",United States of America,"Portuguese, Spanish, English",0.0,0.0,Released,You'll like him when he's angry.,19.394375848082884,18.826145858727198,18.71935404592834,"Title: The Incredible Hulk
Year: 2008
Universe: MCU
MCU Phase: Phase 1
Type: movie
Rated: PG-13
Runtime: 112 minutes
Genre: Action, Adventure, Sci-Fi
Director: Louis Leterrier
Writer: Zak Penn, Stan Lee, Jack Kirby
Cast: Edward Norton, Liv Tyler, Tim Roth
Top 5 Cast: Edward Norton, Liv Tyler, Tim Roth, William Hurt, Tim Blake Nelson
Plot: Bruce Banner, a scientist on the run from the U.S. Government, must find a cure for the monster he turns into whenever he loses his temper.
Tagline: You'll like him when he's angry.
Keywords: new york city, rio de janeiro, superhero, based on comic, fugitive, on the run, super soldier, scientist, virginia, military
IMDb Rating: 6.6
Rotten Tomatoes: 68%
Metacritic: 61/100
TMDB Rating: 6.244
Box Office: 134806913
Budget: 150000000
Revenue: 264770996
Awards: 4 wins & 10 nominations total
Collection: N/A
Country: United States, Canada, Japan
Language: English, Portuguese, Spanish",15.0,Edward Norton,6.6,6.1,6.8,6.244
39,Punisher: War Zone,2008,movie,R,103.0,"Action, Crime, Drama",Lexi Alexander,"Nick Santora, Art Marcum, Matt Holloway","Ray Stevenson, Dominic West, Julie Benz","Frank Castle, known as the Punisher, ruthlessly demolishes organized crime, but it starts an even bigger war.",English,"United States, Canada, Germany",1 win & 1 nomination total,5.9,11.160114474908951,29.0,30.0,Non-MCU,MCU,2000s,17,0,0,1,"Action, Crime",5.877,7.1853870155804165,4.5541,"Ray Stevenson, Dominic West, Julie Benz, Colin Salmon, Doug Hutchison",Lexi Alexander,Gale Anne Hurd,Michael Wandmacher,"superhero, based on comic, sequel, broken neck, military uniform, wall safe, trashed house, vanity, flare, woman director","Canada, Germany, United States of America","Russian, English",0.0,0.0,Released,Vengeance has a name.,16.12699334877976,16.835935492889124,15.90130413269858,"Title: Punisher: War Zone
Year: 2008
Universe: MCU
MCU Phase: Non-MCU
Type: movie
Rated: R
Runtime: 103 minutes
Genre: Action, Crime, Drama
Director: Lexi Alexander
Writer: Nick Santora, Art Marcum, Matt Holloway
Cast: Ray Stevenson, Dominic West, Julie Benz
Top 5 Cast: Ray Stevenson, Dominic West, Julie Benz, Colin Salmon, Doug Hutchison
Plot: Frank Castle, known as the Punisher, ruthlessly demolishes organized crime, but it starts an even bigger war.
Tagline: Vengeance has a name.
Keywords: superhero, based on comic, sequel, broken neck, military uniform, wall safe, trashed house, vanity, flare, woman director
IMDb Rating: 5.9
Rotten Tomatoes: 29%
Metacritic: 30/100
TMDB Rating: 5.877
Box Office: 8050977
Budget: 20500000
Revenue: 10089373
Awards: 1 win & 1 nomination total
Collection: The Punisher Collection
Country: United States, Canada, Germany
Language: English",15.0,Ray Stevenson,5.9,3.0,2.9,5.877
40,Wolverine and the X-Men (TV Series),2008,Unknown,Unknown,117.0,Unknown,Unknown,Unknown,Unknown,Unknown,Unknown,Unknown,Unknown,6.75,12.664111228245407,76.0,64.0,Non-MCU,MCU,2000s,17,0,0,1,Unknown,6.745,8.745921121024347,8.1973,Unknown,Unknown,Unknown,Unknown,Unknown,Unknown,Unknown,0.0,0.0,Unknown,Unknown,19.70742255161285,18.603002309079653,19.193787894917058,"Title: Wolverine and the X-Men (TV Series)
Year: 2008
Universe: MCU
MCU Phase: Non-MCU
Type: N/A
Rated: nan
Runtime: nan minutes
Genre: nan
Director: nan
Writer: nan
Cast: nan
Top 5 Cast: nan
Plot: nan
Tagline: nan
Keywords: nan
IMDb Rating: nan
Rotten Tomatoes: nan
Metacritic: nan
TMDB Rating: nan
Box Office: nan
Budget: nan
Revenue: nan
Awards: nan
Collection: nan
Country: nan
Language: nan",0.0,Unknown,6.564705882352942,6.004166666666666,6.603846153846154,6.554427350427351
41,X-Men Origins: Wolverine,2009,movie,PG-13,107.0,"Action, Sci-Fi",Gavin Hood,"David Benioff, Skip Woods","Hugh Jackman, Liev Schreiber, Ryan Reynolds","The early years of James Logan, featuring his rivalry with his brother Victor Creed, his service in the special forces team Weapon X, and his experimentation into the metal-lined mutant Wolverine.",English,"United States, United Kingdom",3 wins & 21 nominations total,6.5,13.24836851871938,37.0,40.0,Non-MCU,Fox / X-Men,2000s,16,0,0,0,"Adventure, Action, Science Fiction",6.292,9.329367078397823,0.7557,"Hugh Jackman, Liev Schreiber, Danny Huston, Lynn Collins, Kevin Durand",Gavin Hood,"Lauren Shuler Donner, Hugh Jackman, Bryan Singer",Harry Gregson-Williams,"army, corruption, superhero, mutant, boxer, based on comic, prequel, spin off, aftercreditsstinger, duringcreditsstinger",United States of America,English,0.0,0.0,Released,Witness the origin.,19.737257502281004,18.826145858727198,19.007818075861216,"Title: X-Men Origins: Wolverine
Year: 2009
Universe: Fox / X-Men
MCU Phase: Non-MCU
Type: movie
Rated: PG-13
Runtime: 107 minutes
Genre: Action, Sci-Fi
Director: Gavin Hood
Writer: David Benioff, Skip Woods
Cast: Hugh Jackman, Liev Schreiber, Ryan Reynolds
Top 5 Cast: Hugh Jackman, Liev Schreiber, Danny Huston, Lynn Collins, Kevin Durand
Plot: The early years of James Logan, featuring his rivalry with his brother Victor Creed, his service in the special forces team Weapon X, and his experimentation into the metal-lined mutant Wolverine.
Tagline: Witness the origin.
Keywords: army, corruption, superhero, mutant, boxer, based on comic, prequel, spin off, aftercreditsstinger, duringcreditsstinger
IMDb Rating: 6.5
Rotten Tomatoes: 37%
Metacritic: 40/100
TMDB Rating: 6.292
Box Office: 179883157
Budget: 150000000
Revenue: 373062864
Awards: 3 wins & 21 nominations total
Collection: The Wolverine Collection
Country: United States, United Kingdom
Language: English",15.0,Hugh Jackman,6.5,4.0,3.7,6.292
42,Iron Man 2,2010,movie,PG-13,124.0,"Action, Sci-Fi",Jon Favreau,"Justin Theroux, Stan Lee, Don Heck","Robert Downey Jr., Mickey Rourke, Gwyneth Paltrow","With the world now aware of his identity as Iron Man, Tony Stark must contend with both his declining health and a vengeful mad man with ties to his father's legacy.","English, French, Russian",United States,Nominated for 1 Oscar. 7 wins & 45 nominations total,6.9,13.749981679918484,72.0,57.0,Phase 1,MCU,2010s,15,0,0,1,"Adventure, Action, Science Fiction",6.855,10.018065457243564,22.5986,"Robert Downey Jr., Gwyneth Paltrow, Don Cheadle, Scarlett Johansson, Sam Rockwell",Jon Favreau,Kevin Feige,John Debney,"technology, superhero, malibu, based on comic, sequel, revenge, aftercreditsstinger, marvel cinematic universe (mcu), break out",United States of America,"English, Russian, French",0.0,0.0,Released,"It's not the armor that makes the hero, but the man inside.",20.25155408088234,19.11382792951231,19.559901666781027,"Title: Iron Man 2
Year: 2010
Universe: MCU
MCU Phase: Phase 1
Type: movie
Rated: PG-13
Runtime: 124 minutes
Genre: Action, Sci-Fi
Director: Jon Favreau
Writer: Justin Theroux, Stan Lee, Don Heck
Cast: Robert Downey Jr., Mickey Rourke, Gwyneth Paltrow
Top 5 Cast: Robert Downey Jr., Gwyneth Paltrow, Don Cheadle, Scarlett Johansson, Sam Rockwell
Plot: With the world now aware of his identity as Iron Man, Tony Stark must contend with both his declining health and a vengeful mad man with ties to his father's legacy.
Tagline: It's not the armor that makes the hero, but the man inside.
Keywords: technology, superhero, malibu, based on comic, sequel, revenge, aftercreditsstinger, marvel cinematic universe (mcu), break out
IMDb Rating: 6.9
Rotten Tomatoes: 72%
Metacritic: 57/100
TMDB Rating: 6.855
Box Office: 312433331
Budget: 200000000
Revenue: 623933331
Awards: Nominated for 1 Oscar. 7 wins & 45 nominations total
Collection: Iron Man Collection
Country: United States
Language: English, French, Russian",15.0,Robert Downey Jr.,6.9,5.699999999999999,7.2,6.855
43,Marvel Anime: Iron Man (TV Series),2010,Unknown,Unknown,117.0,Unknown,Unknown,Unknown,Unknown,Unknown,Unknown,Unknown,Unknown,6.75,12.664111228245407,76.0,64.0,Non-MCU,MCU,2010s,15,1,0,1,Unknown,6.745,8.745921121024347,8.1973,Unknown,Unknown,Unknown,Unknown,Unknown,Unknown,Unknown,0.0,0.0,Unknown,Unknown,19.70742255161285,18.603002309079653,19.193787894917058,"Title: Marvel Anime: Iron Man (TV Series)
Year: 2010
Universe: MCU
MCU Phase: Non-MCU
Type: N/A
Rated: nan
Runtime: nan minutes
Genre: nan
Director: nan
Writer: nan
Cast: nan
Top 5 Cast: nan
Plot: nan
Tagline: nan
Keywords: nan
IMDb Rating: nan
Rotten Tomatoes: nan
Metacritic: nan
TMDB Rating: nan
Box Office: nan
Budget: nan
Revenue: nan
Awards: nan
Collection: nan
Country: nan
Language: nan",0.0,Unknown,6.564705882352942,6.004166666666666,6.603846153846154,6.554427350427351
44,Thor,2011,movie,PG-13,115.0,"Action, Fantasy",Kenneth Branagh,"Ashley E. Miller, Zack Stentz, Don Payne","Chris Hemsworth, Anthony Hopkins, Natalie Portman","The powerful but arrogant god Thor is cast out of Asgard to live amongst humans in Midgard (Earth), where he soon becomes one of their finest defenders.",English,"United States, France",5 wins & 30 nominations total,7.0,13.778792630229052,77.0,57.0,Phase 1,MCU,2010s,14,0,0,1,"Adventure, Fantasy, Action",6.771,10.015878298115155,12.2584,"Chris Hemsworth, Natalie Portman, Tom Hiddleston, Anthony Hopkins, Stellan Skarsgård",Kenneth Branagh,Kevin Feige,Patrick Doyle,"new mexico, superhero, redemption, banishment, based on comic, brother against brother, norse mythology, aftercreditsstinger, marvel cinematic universe (mcu), worlds collide",United States of America,English,0.0,0.0,Released,Courage is immortal.,19.923260617778432,18.826145858727198,19.014176773812608,"Title: Thor
Year: 2011
Universe: MCU
MCU Phase: Phase 1
Type: movie
Rated: PG-13
Runtime: 115 minutes
Genre: Action, Fantasy
Director: Kenneth Branagh
Writer: Ashley E. Miller, Zack Stentz, Don Payne
Cast: Chris Hemsworth, Anthony Hopkins, Natalie Portman
Top 5 Cast: Chris Hemsworth, Natalie Portman, Tom Hiddleston, Anthony Hopkins, Stellan Skarsgård
Plot: The powerful but arrogant god Thor is cast out of Asgard to live amongst humans in Midgard (Earth), where he soon becomes one of their finest defenders.
Tagline: Courage is immortal.
Keywords: new mexico, superhero, redemption, banishment, based on comic, brother against brother, norse mythology, aftercreditsstinger, marvel cinematic universe (mcu), worlds collide
IMDb Rating: 7.0
Rotten Tomatoes: 77%
Metacritic: 57/100
TMDB Rating: 6.771
Box Office: 181030624
Budget: 150000000
Revenue: 449326618
Awards: 5 wins & 30 nominations total
Collection: Thor Collection
Country: United States, France
Language: English",15.0,Chris Hemsworth,7.0,5.699999999999999,7.7,6.771
45,X-Men: First Class,2011,movie,PG-13,131.0,"Action, Sci-Fi",Matthew Vaughn,"Ashley E. Miller, Zack Stentz, Jane Goldman","James McAvoy, Michael Fassbender, Jennifer Lawrence","In the 1960s, superpowered humans Charles Xavier and Erik Lensherr work together to find others like them, but Erik's vengeful pursuit of an ambitious mutant who ruined his life causes a schism to divide them.","English, German, French, Spanish, Russian","United States, United Kingdom",22 wins & 40 nominations total,7.7,13.545173192635447,86.0,65.0,Non-MCU,Fox / X-Men,2010s,14,0,0,0,"Action, Science Fiction, Adventure",7.3,9.515100775962715,0.5083,"James McAvoy, Michael Fassbender, Jennifer Lawrence, Rose Byrne, Kevin Bacon",Matthew Vaughn,"Simon Kinberg, Lauren Shuler Donner, Bryan Singer",Henry Jackman,"central intelligence agency (cia), nuclear war, superhero, mutant, mine, based on comic, sequel, prequel, superhuman, historical fiction",United States of America,"German, English, Spanish, French, Russian",0.0,0.0,Released,Witness the moment that will change our world.,19.683745113210374,18.8906843794481,18.801909892854795,"Title: X-Men: First Class
Year: 2011
Universe: Fox / X-Men
MCU Phase: Non-MCU
Type: movie
Rated: PG-13
Runtime: 131 minutes
Genre: Action, Sci-Fi
Director: Matthew Vaughn
Writer: Ashley E. Miller, Zack Stentz, Jane Goldman
Cast: James McAvoy, Michael Fassbender, Jennifer Lawrence
Top 5 Cast: James McAvoy, Michael Fassbender, Jennifer Lawrence, Rose Byrne, Kevin Bacon
Plot: In the 1960s, superpowered humans Charles Xavier and Erik Lensherr work together to find others like them, but Erik's vengeful pursuit of an ambitious mutant who ruined his life causes a schism to divide them.
Tagline: Witness the moment that will change our world.
Keywords: central intelligence agency (cia), nuclear war, superhero, mutant, mine, based on comic, sequel, prequel, superhuman, historical fiction
IMDb Rating: 7.7
Rotten Tomatoes: 86%
Metacritic: 65/100
TMDB Rating: 7.3
Box Office: 146408305
Budget: 160000000
Revenue: 353624124
Awards: 22 wins & 40 nominations total
Collection: X-Men Collection
Country: United States, United Kingdom
Language: English, German, French, Spanish, Russian",15.0,James McAvoy,7.7,6.5,8.6,7.3
46,Captain America: The First Avenger,2011,movie,PG-13,124.0,"Action, Adventure, Sci-Fi",Joe Johnston,"Christopher Markus, Stephen McFeely, Joe Simon","Chris Evans, Hugo Weaving, Samuel L. Jackson","Steve Rogers, a rejected military soldier, transforms into Captain America after taking a dose of a ""Super-Soldier serum"". But being Captain America comes at a price as he attempts to take down a warmonger and a terrorist organiza...","English, Norwegian, French",United States,4 wins & 50 nominations total,6.9,13.781169599418705,80.0,66.0,Phase 1,MCU,2010s,14,0,0,1,"Action, Adventure, Science Fiction",7.008,10.033155240658164,8.1702,"Chris Evans, Hayley Atwell, Sebastian Stan, Tommy Lee Jones, Hugo Weaving",Joe Johnston,Kevin Feige,Alan Silvestri,"new york city, nazi, superhero, world war ii, heroism, based on comic, super soldier, brooklyn, new york city, aftercreditsstinger, marvel cinematic universe (mcu)",United States of America,"French, Norwegian, English",0.0,0.0,Released,The one who never gives up awakens.,19.730552311554884,18.757152987716434,18.9897064395109,"Title: Captain America: The First Avenger
Year: 2011
Universe: MCU
MCU Phase: Phase 1
Type: movie
Rated: PG-13
Runtime: 124 minutes
Genre: Action, Adventure, Sci-Fi
Director: Joe Johnston
Writer: Christopher Markus, Stephen McFeely, Joe Simon
Cast: Chris Evans, Hugo Weaving, Samuel L. Jackson
Top 5 Cast: Chris Evans, Hayley Atwell, Sebastian Stan, Tommy Lee Jones, Hugo Weaving
Plot: Steve Rogers, a rejected military soldier, transforms into Captain America after taking a dose of a ""Super-Soldier serum"". But being Captain America comes at a price as he attempts to take down a warmonger and a terrorist organiza...
Tagline: The one who never gives up awakens.
Keywords: new york city, nazi, superhero, world war ii, heroism, based on comic, super soldier, brooklyn, new york city, aftercreditsstinger, marvel cinematic universe (mcu)
IMDb Rating: 6.9
Rotten Tomatoes: 80%
Metacritic: 66/100
TMDB Rating: 7.008
Box Office: 176654505
Budget: 140000000
Revenue: 370569774
Awards: 4 wins & 50 nominations total
Collection: Captain America Collection
Country: United States
Language: English, Norwegian, French",15.0,Chris Evans,6.9,6.6000000000000005,8.0,7.008
47,Marvel Anime: Wolverine (TV Series),2011,Unknown,Unknown,117.0,Unknown,Unknown,Unknown,Unknown,Unknown,Unknown,Unknown,Unknown,6.75,12.664111228245407,76.0,64.0,Non-MCU,MCU,2010s,14,1,0,1,Unknown,6.745,8.745921121024347,8.1973,Unknown,Unknown,Unknown,Unknown,Unknown,Unknown,Unknown,0.0,0.0,Unknown,Unknown,19.70742255161285,18.603002309079653,19.193787894917058,"Title: Marvel Anime: Wolverine (TV Series)
Year: 2011
Universe: MCU
MCU Phase: Non-MCU
Type: N/A
Rated: nan
Runtime: nan minutes
Genre: nan
Director: nan
Writer: nan
Cast: nan
Top 5 Cast: nan
Plot: nan
Tagline: nan
Keywords: nan
IMDb Rating: nan
Rotten Tomatoes: nan
Metacritic: nan
TMDB Rating: nan
Box Office: nan
Budget: nan
Revenue: nan
Awards: nan
Collection: nan
Country: nan
Language: nan",0.0,Unknown,6.564705882352942,6.004166666666666,6.603846153846154,6.554427350427351
48,Marvel Anime: X-Men (TV Series),2011,Unknown,Unknown,117.0,Unknown,Unknown,Unknown,Unknown,Unknown,Unknown,Unknown,Unknown,6.75,12.664111228245407,76.0,64.0,Non-MCU,MCU,2010s,14,1,0,1,Unknown,6.745,8.745921121024347,8.1973,Unknown,Unknown,Unknown,Unknown,Unknown,Unknown,Unknown,0.0,0.0,Unknown,Unknown,19.70742255161285,18.603002309079653,19.193787894917058,"Title: Marvel Anime: X-Men (TV Series)
Year: 2011
Universe: MCU
MCU Phase: Non-MCU
Type: N/A
Rated: nan
Runtime: nan minutes
Genre: nan
Director: nan
Writer: nan
Cast: nan
Top 5 Cast: nan
Plot: nan
Tagline: nan
Keywords: nan
IMDb Rating: nan
Rotten Tomatoes: nan
Metacritic: nan
TMDB Rating: nan
Box Office: nan
Budget: nan
Revenue: nan
Awards: nan
Collection: nan
Country: nan
Language: nan",0.0,Unknown,6.564705882352942,6.004166666666666,6.603846153846154,6.554427350427351
49,Marvel Anime: Blade (TV Series),2011,Unknown,Unknown,117.0,Unknown,Unknown,Unknown,Unknown,Unknown,Unknown,Unknown,Unknown,6.75,12.664111228245407,76.0,64.0,Non-MCU,MCU,2010s,14,1,0,1,Unknown,6.745,8.745921121024347,8.1973,Unknown,Unknown,Unknown,Unknown,Unknown,Unknown,Unknown,0.0,0.0,Unknown,Unknown,19.70742255161285,18.603002309079653,19.193787894917058,"Title: Marvel Anime: Blade (TV Series)
Year: 2011
Universe: MCU
MCU Phase: Non-MCU
Type: N/A
Rated: nan
Runtime: nan minutes
Genre: nan
Director: nan
Writer: nan
Cast: nan
Top 5 Cast: nan
Plot: nan
Tagline: nan
Keywords: nan
IMDb Rating: nan
Rotten Tomatoes: nan
Metacritic: nan
TMDB Rating: nan
Box Office: nan
Budget: nan
Revenue: nan
Awards: nan
Collection: nan
Country: nan
Language: nan",0.0,Unknown,6.564705882352942,6.004166666666666,6.603846153846154,6.554427350427351
50,Ghost Rider: Spirit of Vengeance,2012,movie,Unknown,90.0,Documentary,Unknown,Unknown,"Ashok Amritraj, Ari Arad, Avi Arad, Nicolas Cage",Unknown,English,USA,Unknown,6.75,12.664111228245407,76.0,64.0,Non-MCU,MCU,2010s,13,0,0,1,"Action, Fantasy, Thriller",5.0,8.315566483564277,7.2083,"Nicolas Cage, Fergus Riordan, Violante Placido, Ciarán Hinds, Johnny Whitworth","Brian Taylor, Mark Neveldine","Ari Arad, Steven Paul, Ashok Amritraj",David Sardy,"dying and death, skeleton, angel, monk, superhero, anti hero, eastern europe, cult, pact with the devil, biker","United Arab Emirates, United States of America",English,0.0,0.0,Released,He rides again.,18.702575585138973,17.858561843342684,19.193787894917058,"Title: Ghost Rider: Spirit of Vengeance
Year: 2012
Universe: MCU
MCU Phase: Non-MCU
Type: movie
Rated: N/A
Runtime: 90 minutes
Genre: Documentary
Director: N/A
Writer: N/A
Cast: Ashok Amritraj, Ari Arad, Avi Arad, Nicolas Cage
Top 5 Cast: Nicolas Cage, Fergus Riordan, Violante Placido, Ciarán Hinds, Johnny Whitworth
Plot: N/A
Tagline: He rides again.
Keywords: dying and death, skeleton, angel, monk, superhero, anti hero, eastern europe, cult, pact with the devil, biker
IMDb Rating: N/A
Rotten Tomatoes: None
Metacritic: None
TMDB Rating: 5.0
Box Office: N/A
Budget: 57000000
Revenue: 132563930
Awards: N/A
Collection: Ghost Rider Collection
Country: USA
Language: English",15.0,Nicolas Cage,6.564705882352942,6.004166666666666,6.603846153846154,5.0
51,The Avengers,2012,movie,PG-13,143.0,"Action, Sci-Fi",Joss Whedon,"Joss Whedon, Zak Penn","Robert Downey Jr., Chris Evans, Scarlett Johansson",Earth's mightiest heroes must come together and learn to fight as a team if they are going to stop the mischievous Loki and his alien army from enslaving humanity.,"English, Russian",United States,Nominated for 1 Oscar. 40 wins & 81 nominations total,8.0,14.25718479768086,91.0,69.0,Phase 1,MCU,2010s,13,0,0,1,"Science Fiction, Action, Adventure",8.044,10.555630430292005,46.7047,"Robert Downey Jr., Chris Evans, Mark Ruffalo, Chris Hemsworth, Scarlett Johansson",Joss Whedon,Kevin Feige,Alan Silvestri,"new york city, superhero, shield, based on comic, alien invasion, superhero team, aftercreditsstinger, duringcreditsstinger, marvel cinematic universe (mcu)",United States of America,"English, Hindi, Russian",0.0,0.0,Released,Some assembly required.,21.14119660222971,19.20913810886209,20.25063140777924,"Title: The Avengers
Year: 2012
Universe: MCU
MCU Phase: Phase 1
Type: movie
Rated: PG-13
Runtime: 143 minutes
Genre: Action, Sci-Fi
Director: Joss Whedon
Writer: Joss Whedon, Zak Penn
Cast: Robert Downey Jr., Chris Evans, Scarlett Johansson
Top 5 Cast: Robert Downey Jr., Chris Evans, Mark Ruffalo, Chris Hemsworth, Scarlett Johansson
Plot: Earth's mightiest heroes must come together and learn to fight as a team if they are going to stop the mischievous Loki and his alien army from enslaving humanity.
Tagline: Some assembly required.
Keywords: new york city, superhero, shield, based on comic, alien invasion, superhero team, aftercreditsstinger, duringcreditsstinger, marvel cinematic universe (mcu)
IMDb Rating: 8.0
Rotten Tomatoes: 91%
Metacritic: 69/100
TMDB Rating: 8.044
Box Office: 623357910
Budget: 220000000
Revenue: 1518815515
Awards: Nominated for 1 Oscar. 40 wins & 81 nominations total
Collection: The Avengers Collection
Country: United States
Language: English, Russian",15.0,Robert Downey Jr.,8.0,6.8999999999999995,9.1,8.044
52,The Amazing Spider-Man,2012,movie,PG-13,136.0,"Action, Sci-Fi",Marc Webb,"James Vanderbilt, Alvin Sargent, Steve Kloves","Andrew Garfield, Emma Stone, Rhys Ifans","After Peter Parker is bitten by a genetically altered spider, he gains newfound, spider-like powers and ventures out to save the city from the machinations of a mysterious reptilian foe.",English,United States,2 wins & 33 nominations total,6.9,13.545660545063777,71.0,66.0,Non-MCU,Sony / Spider-Man,2010s,13,0,0,0,"Action, Adventure, Science Fiction",6.739,9.828494573494698,16.2125,"Andrew Garfield, Emma Stone, Rhys Ifans, Denis Leary, Martin Sheen",Marc Webb,"Laura Ziskin, Avi Arad, Matt Tolmach",James Horner,"new york city, experiment, loss of loved one, superhero, based on comic, vigilante, teenage girl, teenage boy, super power, spider bite",United States of America,English,0.0,0.0,Released,The untold story begins.,20.44715112915783,19.186148590743098,19.386836692396177,"Title: The Amazing Spider-Man
Year: 2012
Universe: Sony / Spider-Man
MCU Phase: Non-MCU
Type: movie
Rated: PG-13
Runtime: 136 minutes
Genre: Action, Sci-Fi
Director: Marc Webb
Writer: James Vanderbilt, Alvin Sargent, Steve Kloves
Cast: Andrew Garfield, Emma Stone, Rhys Ifans
Top 5 Cast: Andrew Garfield, Emma Stone, Rhys Ifans, Denis Leary, Martin Sheen
Plot: After Peter Parker is bitten by a genetically altered spider, he gains newfound, spider-like powers and ventures out to save the city from the machinations of a mysterious reptilian foe.
Tagline: The untold story begins.
Keywords: new york city, experiment, loss of loved one, superhero, based on comic, vigilante, teenage girl, teenage boy, super power, spider bite
IMDb Rating: 6.9
Rotten Tomatoes: 71%
Metacritic: 66/100
TMDB Rating: 6.739
Box Office: 262782352
Budget: 215000000
Revenue: 758725893
Awards: 2 wins & 33 nominations total
Collection: The Amazing Spider-Man Collection
Country: United States
Language: English",15.0,Andrew Garfield,6.9,6.6000000000000005,7.1,6.739
53,Iron Man 3,2013,movie,PG-13,130.0,"Action, Adventure, Sci-Fi",Shane Black,"Drew Pearce, Shane Black, Stan Lee","Robert Downey Jr., Guy Pearce, Gwyneth Paltrow","When Tony Stark's world is torn apart by a formidable terrorist called the Mandarin, he starts an odyssey of rebuilding and retribution.",English,United States,Nominated for 1 Oscar. 20 wins & 63 nominations total,7.1,13.77962220632179,79.0,62.0,Phase 2,MCU,2010s,12,0,0,1,"Action, Adventure, Science Fiction",6.933,10.063222610657286,18.0554,"Robert Downey Jr., Gwyneth Paltrow, Don Cheadle, Guy Pearce, Rebecca Hall",Shane Black,Kevin Feige,Brian Tyler,"california, war on terror, superhero, malibu, based on comic, sequel, tennessee, billionaire, aftercreditsstinger, marvel cinematic universe (mcu)",United States of America,English,0.0,0.0,Released,Unleash the power behind the armor.,20.918484867597147,19.11382792951231,19.82925993102558,"Title: Iron Man 3
Year: 2013
Universe: MCU
MCU Phase: Phase 2
Type: movie
Rated: PG-13
Runtime: 130 minutes
Genre: Action, Adventure, Sci-Fi
Director: Shane Black
Writer: Drew Pearce, Shane Black, Stan Lee
Cast: Robert Downey Jr., Guy Pearce, Gwyneth Paltrow
Top 5 Cast: Robert Downey Jr., Gwyneth Paltrow, Don Cheadle, Guy Pearce, Rebecca Hall
Plot: When Tony Stark's world is torn apart by a formidable terrorist called the Mandarin, he starts an odyssey of rebuilding and retribution.
Tagline: Unleash the power behind the armor.
Keywords: california, war on terror, superhero, malibu, based on comic, sequel, tennessee, billionaire, aftercreditsstinger, marvel cinematic universe (mcu)
IMDb Rating: 7.1
Rotten Tomatoes: 79%
Metacritic: 62/100
TMDB Rating: 6.933
Box Office: 409013994
Budget: 200000000
Revenue: 1215577205
Awards: Nominated for 1 Oscar. 20 wins & 63 nominations total
Collection: Iron Man Collection
Country: United States
Language: English",15.0,Robert Downey Jr.,7.1,6.2,7.9,6.933
54,The Wolverine,2013,movie,PG-13,126.0,"Action, Sci-Fi",James Mangold,"Mark Bomback, Scott Frank","Hugh Jackman, Will Yun Lee, Tao Okamoto","Wolverine comes to Japan to meet an old friend whose life he saved years ago, and gets embroiled in a conspiracy involving yakuza and mutants.","English, Japanese","United States, United Kingdom, Japan",2 wins & 11 nominations total,6.7,13.167787884097459,71.0,61.0,Non-MCU,Fox / X-Men,2010s,12,0,0,0,"Action, Science Fiction, Adventure",6.435,9.24116051431607,1.3767,"Hugh Jackman, Hiroyuki Sanada, Tao Okamoto, Rila Fukushima, Famke Janssen",James Mangold,"Hugh Jackman, Hutch Parker, Lauren Shuler Donner",Marco Beltrami,"japan, samurai, superhero, mutant, world war ii, based on comic, sequel, superhuman, spin off, duringcreditsstinger",United States of America,"English, Japanese",0.0,0.0,Released,"When he's most vulnerable, he's most dangerous.",19.844850379875297,18.603002309079653,18.70252219060766,"Title: The Wolverine
Year: 2013
Universe: Fox / X-Men
MCU Phase: Non-MCU
Type: movie
Rated: PG-13
Runtime: 126 minutes
Genre: Action, Sci-Fi
Director: James Mangold
Writer: Mark Bomback, Scott Frank
Cast: Hugh Jackman, Will Yun Lee, Tao Okamoto
Top 5 Cast: Hugh Jackman, Hiroyuki Sanada, Tao Okamoto, Rila Fukushima, Famke Janssen
Plot: Wolverine comes to Japan to meet an old friend whose life he saved years ago, and gets embroiled in a conspiracy involving yakuza and mutants.
Tagline: When he's most vulnerable, he's most dangerous.
Keywords: japan, samurai, superhero, mutant, world war ii, based on comic, sequel, superhuman, spin off, duringcreditsstinger
IMDb Rating: 6.7
Rotten Tomatoes: 71%
Metacritic: 61/100
TMDB Rating: 6.435
Box Office: 132556852
Budget: 120000000
Revenue: 415440673
Awards: 2 wins & 11 nominations total
Collection: The Wolverine Collection
Country: United States, United Kingdom, Japan
Language: English, Japanese",15.0,Hugh Jackman,6.7,6.1,7.1,6.435
55,Agents of S.H.I.E.L.D. (Season 1),2013,Unknown,Unknown,117.0,Unknown,Unknown,Unknown,Unknown,Unknown,Unknown,Unknown,Unknown,6.75,12.664111228245407,76.0,64.0,Non-MCU,MCU,2010s,12,0,0,1,Unknown,6.745,8.745921121024347,8.1973,Unknown,Unknown,Unknown,Unknown,Unknown,Unknown,Unknown,0.0,0.0,Unknown,Unknown,19.70742255161285,18.603002309079653,19.193787894917058,"Title: Agents of S.H.I.E.L.D. (Season 1)
Year: 2013
Universe: MCU
MCU Phase: Non-MCU
Type: N/A
Rated: nan
Runtime: nan minutes
Genre: nan
Director: nan
Writer: nan
Cast: nan
Top 5 Cast: nan
Plot: nan
Tagline: nan
Keywords: nan
IMDb Rating: nan
Rotten Tomatoes: nan
Metacritic: nan
TMDB Rating: nan
Box Office: nan
Budget: nan
Revenue: nan
Awards: nan
Collection: nan
Country: nan
Language: nan",0.0,Unknown,6.564705882352942,6.004166666666666,6.603846153846154,6.554427350427351
56,Thor: The Dark World,2013,movie,PG-13,112.0,"Action, Adventure, Fantasy",Alan Taylor,"Christopher Yost, Christopher Markus, Stephen McFeely","Chris Hemsworth, Natalie Portman, Tom Hiddleston","When the Dark Elves attempt to plunge the universe into darkness, Thor must embark on a perilous and personal journey that will reunite him with doctor Jane Foster.",English,"United States, Iceland",4 wins & 21 nominations total,6.7,13.56211525187236,67.0,54.0,Phase 2,MCU,2010s,12,0,0,1,"Action, Adventure, Fantasy",6.511,9.818038590703646,11.4496,"Chris Hemsworth, Natalie Portman, Tom Hiddleston, Christopher Eccleston, Anthony Hopkins",Alan Taylor,"Kevin Feige, Kenneth Branagh",Brian Tyler,"superhero, based on comic, sequel, hostile takeover, norse mythology, aftercreditsstinger, duringcreditsstinger, marvel cinematic universe (mcu), mythological place",United States of America,English,0.0,0.0,Released,Delve into the darkness.,20.284424602723067,18.951309000896888,19.14514314935959,"Title: Thor: The Dark World
Year: 2013
Universe: MCU
MCU Phase: Phase 2
Type: movie
Rated: PG-13
Runtime: 112 minutes
Genre: Action, Adventure, Fantasy
Director: Alan Taylor
Writer: Christopher Yost, Christopher Markus, Stephen McFeely
Cast: Chris Hemsworth, Natalie Portman, Tom Hiddleston
Top 5 Cast: Chris Hemsworth, Natalie Portman, Tom Hiddleston, Christopher Eccleston, Anthony Hopkins
Plot: When the Dark Elves attempt to plunge the universe into darkness, Thor must embark on a perilous and personal journey that will reunite him with doctor Jane Foster.
Tagline: Delve into the darkness.
Keywords: superhero, based on comic, sequel, hostile takeover, norse mythology, aftercreditsstinger, duringcreditsstinger, marvel cinematic universe (mcu), mythological place
IMDb Rating: 6.7
Rotten Tomatoes: 67%
Metacritic: 54/100
TMDB Rating: 6.511
Box Office: 206362140
Budget: 170000000
Revenue: 644783140
Awards: 4 wins & 21 nominations total
Collection: Thor Collection
Country: United States, Iceland
Language: English",15.0,Chris Hemsworth,6.7,5.4,6.7,6.511
57,Captain America: The Winter Soldier,2014,movie,PG-13,136.0,"Action, Adventure, Sci-Fi","Anthony Russo, Joe Russo","Christopher Markus, Stephen McFeely, Joe Simon","Chris Evans, Samuel L. Jackson, Scarlett Johansson","As Steve Rogers struggles to embrace his role in the modern world, he teams up with a fellow Avenger and S.H.I.E.L.D agent, Black Widow, to battle a new threat from history: an assassin known as the Winter Soldier.","English, French",United States,Nominated for 1 Oscar. 5 wins & 52 nominations total,7.7,13.785765528383495,90.0,70.0,Phase 2,MCU,2010s,11,0,0,1,"Action, Adventure, Science Fiction",7.656,9.905984432734716,6.5557,"Chris Evans, Samuel L. Jackson, Scarlett Johansson, Robert Redford, Sebastian Stan","Joe Russo, Anthony Russo",Kevin Feige,Henry Jackman,"washington dc, usa, superhero, based on comic, sequel, aftercreditsstinger, duringcreditsstinger, marvel cinematic universe (mcu), political thriller",United States of America,English,0.0,0.0,Released,In heroes we trust.,20.387466576026245,18.951309000896888,19.375293989565606,"Title: Captain America: The Winter Soldier
Year: 2014
Universe: MCU
MCU Phase: Phase 2
Type: movie
Rated: PG-13
Runtime: 136 minutes
Genre: Action, Adventure, Sci-Fi
Director: Anthony Russo, Joe Russo
Writer: Christopher Markus, Stephen McFeely, Joe Simon
Cast: Chris Evans, Samuel L. Jackson, Scarlett Johansson
Top 5 Cast: Chris Evans, Samuel L. Jackson, Scarlett Johansson, Robert Redford, Sebastian Stan
Plot: As Steve Rogers struggles to embrace his role in the modern world, he teams up with a fellow Avenger and S.H.I.E.L.D agent, Black Widow, to battle a new threat from history: an assassin known as the Winter Soldier.
Tagline: In heroes we trust.
Keywords: washington dc, usa, superhero, based on comic, sequel, aftercreditsstinger, duringcreditsstinger, marvel cinematic universe (mcu), political thriller
IMDb Rating: 7.7
Rotten Tomatoes: 90%
Metacritic: 70/100
TMDB Rating: 7.656
Box Office: 259766572
Budget: 170000000
Revenue: 714766572
Awards: Nominated for 1 Oscar. 5 wins & 52 nominations total
Collection: Captain America Collection
Country: United States
Language: English, French",15.0,Chris Evans,7.7,7.0,9.0,7.656
58,The Amazing Spider-Man 2,2014,movie,PG-13,142.0,"Action, Adventure, Sci-Fi",Marc Webb,"Alex Kurtzman, Roberto Orci, Jeff Pinkner","Andrew Garfield, Emma Stone, Jamie Foxx","When New York is put under siege by Oscorp, it is up to Spider-Man to save the city he swore to protect as well as his loved ones.",English,United States,4 wins & 30 nominations total,6.6,13.286042233926578,51.0,53.0,Non-MCU,Sony / Spider-Man,2010s,11,0,0,0,"Action, Adventure, Science Fiction",6.542,9.566054854819791,14.7113,"Andrew Garfield, Emma Stone, Jamie Foxx, Dane DeHaan, Colm Feore",Marc Webb,"Avi Arad, Matt Tolmach","Tom Holkenborg, Johnny Marr","new york city, experiment, obsession, secret identity, superhero, based on comic, sequel, electrocution, super power, masked superhero",United States of America,English,0.0,0.0,Released,His greatest battle begins.,20.390495432083473,19.11382792951231,19.13169546013747,"Title: The Amazing Spider-Man 2
Year: 2014
Universe: Sony / Spider-Man
MCU Phase: Non-MCU
Type: movie
Rated: PG-13
Runtime: 142 minutes
Genre: Action, Adventure, Sci-Fi
Director: Marc Webb
Writer: Alex Kurtzman, Roberto Orci, Jeff Pinkner
Cast: Andrew Garfield, Emma Stone, Jamie Foxx
Top 5 Cast: Andrew Garfield, Emma Stone, Jamie Foxx, Dane DeHaan, Colm Feore
Plot: When New York is put under siege by Oscorp, it is up to Spider-Man to save the city he swore to protect as well as his loved ones.
Tagline: His greatest battle begins.
Keywords: new york city, experiment, obsession, secret identity, superhero, based on comic, sequel, electrocution, super power, masked superhero
IMDb Rating: 6.6
Rotten Tomatoes: 51%
Metacritic: 53/100
TMDB Rating: 6.542
Box Office: 203605622
Budget: 200000000
Revenue: 716934779
Awards: 4 wins & 30 nominations total
Collection: The Amazing Spider-Man Collection
Country: United States
Language: English",15.0,Andrew Garfield,6.6,5.300000000000001,5.1,6.542
59,X-Men: Days of Future Past,2014,movie,PG-13,132.0,"Action, Adventure, Sci-Fi",Bryan Singer,"Simon Kinberg, Jane Goldman, Matthew Vaughn","Patrick Stewart, Ian McKellen, Hugh Jackman",The X-Men send Wolverine to the past in a desperate effort to change history and prevent an event that results in doom for both humans and mutants.,"English, Vietnamese, French, Russian","United Kingdom, United States, Canada",Nominated for 1 Oscar. 16 wins & 48 nominations total,7.9,13.57597336216363,90.0,75.0,Non-MCU,Fox / X-Men,2010s,11,0,0,0,"Action, Adventure, Science Fiction",7.531,9.698122522573561,11.2309,"Hugh Jackman, James McAvoy, Michael Fassbender, Patrick Stewart, Ian McKellen",Bryan Singer,"Bryan Singer, Simon Kinberg, Lauren Shuler Donner",John Ottman,"1970s, superhero, mutant, time travel, based on comic, superhuman, storm, political intrigue , extinction, beast",United States of America,"English, French, Russian, Vietnamese",0.0,0.0,Released,"To save the future, they must alter the past.",20.432974631665953,19.33697147982652,19.27049629657666,"Title: X-Men: Days of Future Past
Year: 2014
Universe: Fox / X-Men
MCU Phase: Non-MCU
Type: movie
Rated: PG-13
Runtime: 132 minutes
Genre: Action, Adventure, Sci-Fi
Director: Bryan Singer
Writer: Simon Kinberg, Jane Goldman, Matthew Vaughn
Cast: Patrick Stewart, Ian McKellen, Hugh Jackman
Top 5 Cast: Hugh Jackman, James McAvoy, Michael Fassbender, Patrick Stewart, Ian McKellen
Plot: The X-Men send Wolverine to the past in a desperate effort to change history and prevent an event that results in doom for both humans and mutants.
Tagline: To save the future, they must alter the past.
Keywords: 1970s, superhero, mutant, time travel, based on comic, superhuman, storm, political intrigue , extinction, beast
IMDb Rating: 7.9
Rotten Tomatoes: 90%
Metacritic: 75/100
TMDB Rating: 7.531
Box Office: 233921534
Budget: 250000000
Revenue: 748045700
Awards: Nominated for 1 Oscar. 16 wins & 48 nominations total
Collection: X-Men Collection
Country: United Kingdom, United States, Canada
Language: English, Vietnamese, French, Russian",15.0,Hugh Jackman,7.9,7.5,9.0,7.531
60,Guardians of the Galaxy,2014,movie,PG-13,121.0,"Action, Adventure, Comedy",James Gunn,"James Gunn, Nicole Perlman, Dan Abnett","Chris Pratt, Vin Diesel, Bradley Cooper",A group of intergalactic criminals must pull together to stop a fanatical warrior with plans to purge the universe.,English,"United States, United Kingdom",Nominated for 2 Oscars. 52 wins & 103 nominations total,8.0,14.12478483193923,91.0,76.0,Phase 2,MCU,2010s,11,0,0,1,"Action, Science Fiction, Adventure",7.906,10.301290044308947,8.3687,"Chris Pratt, Zoe Saldaña, Dave Bautista, Vin Diesel, Bradley Cooper",James Gunn,Kevin Feige,Tyler Bates,"spacecraft, based on comic, space, orphan, adventurer, aftercreditsstinger, duringcreditsstinger, marvel cinematic universe (mcu)",United States of America,English,0.0,0.0,Released,"When things get bad, they'll do their worst.",20.46550056219508,18.951309000896888,19.62580868385224,"Title: Guardians of the Galaxy
Year: 2014
Universe: MCU
MCU Phase: Phase 2
Type: movie
Rated: PG-13
Runtime: 121 minutes
Genre: Action, Adventure, Comedy
Director: James Gunn
Writer: James Gunn, Nicole Perlman, Dan Abnett
Cast: Chris Pratt, Vin Diesel, Bradley Cooper
Top 5 Cast: Chris Pratt, Zoe Saldaña, Dave Bautista, Vin Diesel, Bradley Cooper
Plot: A group of intergalactic criminals must pull together to stop a fanatical warrior with plans to purge the universe.
Tagline: When things get bad, they'll do their worst.
Keywords: spacecraft, based on comic, space, orphan, adventurer, aftercreditsstinger, duringcreditsstinger, marvel cinematic universe (mcu)
IMDb Rating: 8.0
Rotten Tomatoes: 91%
Metacritic: 76/100
TMDB Rating: 7.906
Box Office: 333718600
Budget: 170000000
Revenue: 772776600
Awards: Nominated for 2 Oscars. 52 wins & 103 nominations total
Collection: Guardians of the Galaxy Collection
Country: United States, United Kingdom
Language: English",15.0,Chris Pratt,8.0,7.6,9.1,7.906
61,Agent Carter (Short Film release period / lead-in to series),2014,Unknown,Unknown,117.0,Unknown,Unknown,Unknown,Unknown,Unknown,Unknown,Unknown,Unknown,6.75,12.664111228245407,76.0,64.0,Non-MCU,MCU,2010s,11,0,0,1,Unknown,6.745,8.745921121024347,8.1973,Unknown,Unknown,Unknown,Unknown,Unknown,Unknown,Unknown,0.0,0.0,Unknown,Unknown,19.70742255161285,18.603002309079653,19.193787894917058,"Title: Agent Carter (Short Film release period / lead-in to series)
Year: 2014
Universe: MCU
MCU Phase: Non-MCU
Type: N/A
Rated: nan
Runtime: nan minutes
Genre: nan
Director: nan
Writer: nan
Cast: nan
Top 5 Cast: nan
Plot: nan
Tagline: nan
Keywords: nan
IMDb Rating: nan
Rotten Tomatoes: nan
Metacritic: nan
TMDB Rating: nan
Box Office: nan
Budget: nan
Revenue: nan
Awards: nan
Collection: nan
Country: nan
Language: nan",0.0,Unknown,6.564705882352942,6.004166666666666,6.603846153846154,6.554427350427351
62,Marvel Disk Wars: The Avengers (TV Series),2014,Unknown,Unknown,117.0,Unknown,Unknown,Unknown,Unknown,Unknown,Unknown,Unknown,Unknown,6.75,12.664111228245407,76.0,64.0,Non-MCU,MCU,2010s,11,0,0,1,Unknown,6.745,8.745921121024347,8.1973,Unknown,Unknown,Unknown,Unknown,Unknown,Unknown,Unknown,0.0,0.0,Unknown,Unknown,19.70742255161285,18.603002309079653,19.193787894917058,"Title: Marvel Disk Wars: The Avengers (TV Series)
Year: 2014
Universe: MCU
MCU Phase: Non-MCU
Type: N/A
Rated: nan
Runtime: nan minutes
Genre: nan
Director: nan
Writer: nan
Cast: nan
Top 5 Cast: nan
Plot: nan
Tagline: nan
Keywords: nan
IMDb Rating: nan
Rotten Tomatoes: nan
Metacritic: nan
TMDB Rating: nan
Box Office: nan
Budget: nan
Revenue: nan
Awards: nan
Collection: nan
Country: nan
Language: nan",0.0,Unknown,6.564705882352942,6.004166666666666,6.603846153846154,6.554427350427351
63,Agent Carter (Season 1),2015,Unknown,Unknown,117.0,Unknown,Unknown,Unknown,Unknown,Unknown,Unknown,Unknown,Unknown,6.75,12.664111228245407,76.0,64.0,Non-MCU,MCU,2010s,10,0,0,1,Unknown,6.745,8.745921121024347,8.1973,Unknown,Unknown,Unknown,Unknown,Unknown,Unknown,Unknown,0.0,0.0,Unknown,Unknown,19.70742255161285,18.603002309079653,19.193787894917058,"Title: Agent Carter (Season 1)
Year: 2015
Universe: MCU
MCU Phase: Non-MCU
Type: N/A
Rated: nan
Runtime: nan minutes
Genre: nan
Director: nan
Writer: nan
Cast: nan
Top 5 Cast: nan
Plot: nan
Tagline: nan
Keywords: nan
IMDb Rating: nan
Rotten Tomatoes: nan
Metacritic: nan
TMDB Rating: nan
Box Office: nan
Budget: nan
Revenue: nan
Awards: nan
Collection: nan
Country: nan
Language: nan",0.0,Unknown,6.564705882352942,6.004166666666666,6.603846153846154,6.554427350427351
64,Daredevil (Season 1),2015,Unknown,Unknown,117.0,Unknown,Unknown,Unknown,Unknown,Unknown,Unknown,Unknown,Unknown,6.75,12.664111228245407,76.0,64.0,Non-MCU,Netflix Marvel,2010s,10,0,0,0,Unknown,6.745,8.745921121024347,8.1973,Unknown,Unknown,Unknown,Unknown,Unknown,Unknown,Unknown,0.0,0.0,Unknown,Unknown,19.70742255161285,18.603002309079653,19.193787894917058,"Title: Daredevil (Season 1)
Year: 2015
Universe: Netflix Marvel
MCU Phase: Non-MCU
Type: N/A
Rated: nan
Runtime: nan minutes
Genre: nan
Director: nan
Writer: nan
Cast: nan
Top 5 Cast: nan
Plot: nan
Tagline: nan
Keywords: nan
IMDb Rating: nan
Rotten Tomatoes: nan
Metacritic: nan
TMDB Rating: nan
Box Office: nan
Budget: nan
Revenue: nan
Awards: nan
Collection: nan
Country: nan
Language: nan",0.0,Unknown,6.564705882352942,6.004166666666666,6.603846153846154,6.554427350427351
65,Avengers: Age of Ultron,2015,movie,PG-13,141.0,"Action, Adventure, Sci-Fi",Joss Whedon,"Joss Whedon, Stan Lee, Jack Kirby","Robert Downey Jr., Chris Evans, Mark Ruffalo","When Tony Stark and Bruce Banner try to jump-start a dormant peacekeeping program called Ultron, things go horribly wrong and it's up to Earth's mightiest heroes to stop the villainous Ultron from enacting his terrible plan.","English, Korean","United States, South Korea, Cambodia",8 wins & 52 nominations total,7.3,13.81397337710692,75.0,66.0,Phase 2,MCU,2010s,10,0,0,1,"Action, Adventure, Science Fiction",7.274,10.106101812597846,25.1294,"Robert Downey Jr., Chris Hemsworth, Mark Ruffalo, Chris Evans, Scarlett Johansson",Joss Whedon,Kevin Feige,"Danny Elfman, Brian Tyler","artificial intelligence (a.i.), saving the world, superhero, based on comic, sequel, vision, robot, superhero team, creator, super villain",United States of America,English,0.0,0.0,Released,A new age has come.,21.063590425863644,19.275096076363752,19.944573554435447,"Title: Avengers: Age of Ultron
Year: 2015
Universe: MCU
MCU Phase: Phase 2
Type: movie
Rated: PG-13
Runtime: 141 minutes
Genre: Action, Adventure, Sci-Fi
Director: Joss Whedon
Writer: Joss Whedon, Stan Lee, Jack Kirby
Cast: Robert Downey Jr., Chris Evans, Mark Ruffalo
Top 5 Cast: Robert Downey Jr., Chris Hemsworth, Mark Ruffalo, Chris Evans, Scarlett Johansson
Plot: When Tony Stark and Bruce Banner try to jump-start a dormant peacekeeping program called Ultron, things go horribly wrong and it's up to Earth's mightiest heroes to stop the villainous Ultron from enacting his terrible plan.
Tagline: A new age has come.
Keywords: artificial intelligence (a.i.), saving the world, superhero, based on comic, sequel, vision, robot, superhero team, creator, super villain
IMDb Rating: 7.3
Rotten Tomatoes: 75%
Metacritic: 66/100
TMDB Rating: 7.274
Box Office: 459005868
Budget: 235000000
Revenue: 1405403694
Awards: 8 wins & 52 nominations total
Collection: The Avengers Collection
Country: United States, South Korea, Cambodia
Language: English, Korean",15.0,Robert Downey Jr.,7.3,6.6000000000000005,7.5,7.274
66,Hulk and the Agents of S.M.A.S.H. (TV Series),2015,Unknown,Unknown,117.0,Unknown,Unknown,Unknown,Unknown,Unknown,Unknown,Unknown,Unknown,6.75,12.664111228245407,76.0,64.0,Non-MCU,MCU,2010s,10,0,0,1,Unknown,6.745,8.745921121024347,8.1973,Unknown,Unknown,Unknown,Unknown,Unknown,Unknown,Unknown,0.0,0.0,Unknown,Unknown,19.70742255161285,18.603002309079653,19.193787894917058,"Title: Hulk and the Agents of S.M.A.S.H. (TV Series)
Year: 2015
Universe: MCU
MCU Phase: Non-MCU
Type: N/A
Rated: nan
Runtime: nan minutes
Genre: nan
Director: nan
Writer: nan
Cast: nan
Top 5 Cast: nan
Plot: nan
Tagline: nan
Keywords: nan
IMDb Rating: nan
Rotten Tomatoes: nan
Metacritic: nan
TMDB Rating: nan
Box Office: nan
Budget: nan
Revenue: nan
Awards: nan
Collection: nan
Country: nan
Language: nan",0.0,Unknown,6.564705882352942,6.004166666666666,6.603846153846154,6.554427350427351
67,Ant-Man,2015,movie,PG-13,117.0,"Action, Comedy, Sci-Fi",Peyton Reed,"Edgar Wright, Joe Cornish, Adam McKay","Paul Rudd, Michael Douglas, Corey Stoll","Armed with a super-suit with the astonishing ability to shrink in scale but increase in strength, cat burglar Scott Lang must embrace his inner hero and help his mentor, Dr. Hank Pym, pull off a plan that will save the world.",English,United States,Nominated for 1 BAFTA Award. 4 wins & 34 nominations total,7.2,13.56536059428836,83.0,64.0,Phase 2,MCU,2010s,10,0,0,1,"Science Fiction, Adventure, Action",7.066,9.947217315397454,12.4634,"Paul Rudd, Michael Douglas, Evangeline Lilly, Corey Stoll, Bobby Cannavale",Peyton Reed,Kevin Feige,Christophe Beck,"superhero, ant, master thief, shrinking, based on comic, heist, miniaturization, mentor protégé relationship, aftercreditsstinger, duringcreditsstinger",United States of America,English,0.0,0.0,Released,Heroes don't get any bigger.,20.06801535110636,18.683045016112164,19.00958991194543,"Title: Ant-Man
Year: 2015
Universe: MCU
MCU Phase: Phase 2
Type: movie
Rated: PG-13
Runtime: 117 minutes
Genre: Action, Comedy, Sci-Fi
Director: Peyton Reed
Writer: Edgar Wright, Joe Cornish, Adam McKay
Cast: Paul Rudd, Michael Douglas, Corey Stoll
Top 5 Cast: Paul Rudd, Michael Douglas, Evangeline Lilly, Corey Stoll, Bobby Cannavale
Plot: Armed with a super-suit with the astonishing ability to shrink in scale but increase in strength, cat burglar Scott Lang must embrace his inner hero and help his mentor, Dr. Hank Pym, pull off a plan that will save the world.
Tagline: Heroes don't get any bigger.
Keywords: superhero, ant, master thief, shrinking, based on comic, heist, miniaturization, mentor protégé relationship, aftercreditsstinger, duringcreditsstinger
IMDb Rating: 7.2
Rotten Tomatoes: 83%
Metacritic: 64/100
TMDB Rating: 7.066
Box Office: 180202163
Budget: 130000000
Revenue: 519311965
Awards: Nominated for 1 BAFTA Award. 4 wins & 34 nominations total
Collection: Ant-Man Collection
Country: United States
Language: English",15.0,Paul Rudd,7.2,6.4,8.3,7.066
68,Fantastic Four,2015,movie,PG-13,100.0,"Action, Adventure, Sci-Fi",Josh Trank,"Jeremy Slater, Simon Kinberg, Josh Trank","Miles Teller, Kate Mara, Michael B. Jordan",Four young outsiders teleport to an alternate and dangerous universe which alters their physical form in shocking ways. The four must learn to harness their new abilities and work together to save Earth from a former friend turned...,"English, Spanish","United States, Germany, United Kingdom, Canada",8 wins & 4 nominations total,4.3,12.163770389296268,9.0,27.0,Non-MCU,MCU,2010s,10,0,0,1,"Action, Adventure, Science Fiction",4.437,8.767017621311778,4.175,"Miles Teller, Michael B. Jordan, Kate Mara, Jamie Bell, Toby Kebbell",Josh Trank,"Matthew Vaughn, Gregory Goodman, Simon Kinberg","Marco Beltrami, Philip Glass","teleportation, superhero, transformation, telekinesis, portal, based on comic, superhero team, invisible person, teamwork","United Kingdom, Germany, United States of America",English,0.0,0.0,Released,Change is coming.,18.939341177284998,18.603002309079653,17.842959137975363,"Title: Fantastic Four
Year: 2015
Universe: MCU
MCU Phase: Non-MCU
Type: movie
Rated: PG-13
Runtime: 100 minutes
Genre: Action, Adventure, Sci-Fi
Director: Josh Trank
Writer: Jeremy Slater, Simon Kinberg, Josh Trank
Cast: Miles Teller, Kate Mara, Michael B. Jordan
Top 5 Cast: Miles Teller, Michael B. Jordan, Kate Mara, Jamie Bell, Toby Kebbell
Plot: Four young outsiders teleport to an alternate and dangerous universe which alters their physical form in shocking ways. The four must learn to harness their new abilities and work together to save Earth from a former friend turned...
Tagline: Change is coming.
Keywords: teleportation, superhero, transformation, telekinesis, portal, based on comic, superhero team, invisible person, teamwork
IMDb Rating: 4.3
Rotten Tomatoes: 9%
Metacritic: 27/100
TMDB Rating: 4.437
Box Office: 56117548
Budget: 120000000
Revenue: 167977596
Awards: 8 wins & 4 nominations total
Collection: N/A
Country: United States, Germany, United Kingdom, Canada
Language: English, Spanish",15.0,Miles Teller,4.3,2.7,0.9,4.437
69,Jessica Jones (Season 1),2015,Unknown,Unknown,117.0,Unknown,Unknown,Unknown,Unknown,Unknown,Unknown,Unknown,Unknown,6.75,12.664111228245407,76.0,64.0,Non-MCU,Netflix Marvel,2010s,10,0,0,0,Unknown,6.745,8.745921121024347,8.1973,Unknown,Unknown,Unknown,Unknown,Unknown,Unknown,Unknown,0.0,0.0,Unknown,Unknown,19.70742255161285,18.603002309079653,19.193787894917058,"Title: Jessica Jones (Season 1)
Year: 2015
Universe: Netflix Marvel
MCU Phase: Non-MCU
Type: N/A
Rated: nan
Runtime: nan minutes
Genre: nan
Director: nan
Writer: nan
Cast: nan
Top 5 Cast: nan
Plot: nan
Tagline: nan
Keywords: nan
IMDb Rating: nan
Rotten Tomatoes: nan
Metacritic: nan
TMDB Rating: nan
Box Office: nan
Budget: nan
Revenue: nan
Awards: nan
Collection: nan
Country: nan
Language: nan",0.0,Unknown,6.564705882352942,6.004166666666666,6.603846153846154,6.554427350427351
70,Agents of S.H.I.E.L.D. (Season 2),2015,Unknown,Unknown,117.0,Unknown,Unknown,Unknown,Unknown,Unknown,Unknown,Unknown,Unknown,6.75,12.664111228245407,76.0,64.0,Non-MCU,MCU,2010s,10,0,0,1,Unknown,6.745,8.745921121024347,8.1973,Unknown,Unknown,Unknown,Unknown,Unknown,Unknown,Unknown,0.0,0.0,Unknown,Unknown,19.70742255161285,18.603002309079653,19.193787894917058,"Title: Agents of S.H.I.E.L.D. (Season 2)
Year: 2015
Universe: MCU
MCU Phase: Non-MCU
Type: N/A
Rated: nan
Runtime: nan minutes
Genre: nan
Director: nan
Writer: nan
Cast: nan
Top 5 Cast: nan
Plot: nan
Tagline: nan
Keywords: nan
IMDb Rating: nan
Rotten Tomatoes: nan
Metacritic: nan
TMDB Rating: nan
Box Office: nan
Budget: nan
Revenue: nan
Awards: nan
Collection: nan
Country: nan
Language: nan",0.0,Unknown,6.564705882352942,6.004166666666666,6.603846153846154,6.554427350427351
71,Agent Carter (Season 2),2016,Unknown,Unknown,117.0,Unknown,Unknown,Unknown,Unknown,Unknown,Unknown,Unknown,Unknown,6.75,12.664111228245407,76.0,64.0,Non-MCU,MCU,2010s,9,0,0,1,Unknown,6.745,8.745921121024347,8.1973,Unknown,Unknown,Unknown,Unknown,Unknown,Unknown,Unknown,0.0,0.0,Unknown,Unknown,19.70742255161285,18.603002309079653,19.193787894917058,"Title: Agent Carter (Season 2)
Year: 2016
Universe: MCU
MCU Phase: Non-MCU
Type: N/A
Rated: nan
Runtime: nan minutes
Genre: nan
Director: nan
Writer: nan
Cast: nan
Top 5 Cast: nan
Plot: nan
Tagline: nan
Keywords: nan
IMDb Rating: nan
Rotten Tomatoes: nan
Metacritic: nan
TMDB Rating: nan
Box Office: nan
Budget: nan
Revenue: nan
Awards: nan
Collection: nan
Country: nan
Language: nan",0.0,Unknown,6.564705882352942,6.004166666666666,6.603846153846154,6.554427350427351
72,Deadpool,2016,movie,R,108.0,"Action, Comedy, Sci-Fi",Tim Miller,"Rhett Reese, Paul Wernick","Ryan Reynolds, Morena Baccarin, T.J. Miller","A wisecracking mercenary gets experimented on and becomes immortal yet hideously scarred, and sets out to track down the man who ruined his looks.",English,United States,29 wins & 78 nominations total,8.0,14.039437002737408,85.0,65.0,Non-MCU,Fox / X-Men,2010s,9,0,0,0,"Action, Adventure, Comedy",7.624,10.39821428171237,14.7844,"Ryan Reynolds, Morena Baccarin, Ed Skrein, T.J. Miller, Gina Carano",Tim Miller,"Ryan Reynolds, Simon Kinberg, Lauren Shuler Donner",Tom Holkenborg,"superhero, anti hero, mercenary, based on comic, aftercreditsstinger, duringcreditsstinger",United States of America,English,0.0,0.0,Released,Feel the love.,20.47843550312988,17.87595358575207,19.710108166647785,"Title: Deadpool
Year: 2016
Universe: Fox / X-Men
MCU Phase: Non-MCU
Type: movie
Rated: R
Runtime: 108 minutes
Genre: Action, Comedy, Sci-Fi
Director: Tim Miller
Writer: Rhett Reese, Paul Wernick
Cast: Ryan Reynolds, Morena Baccarin, T.J. Miller
Top 5 Cast: Ryan Reynolds, Morena Baccarin, Ed Skrein, T.J. Miller, Gina Carano
Plot: A wisecracking mercenary gets experimented on and becomes immortal yet hideously scarred, and sets out to track down the man who ruined his looks.
Tagline: Feel the love.
Keywords: superhero, anti hero, mercenary, based on comic, aftercreditsstinger, duringcreditsstinger
IMDb Rating: 8.0
Rotten Tomatoes: 85%
Metacritic: 65/100
TMDB Rating: 7.624
Box Office: 363070709
Budget: 58000000
Revenue: 782837347
Awards: 29 wins & 78 nominations total
Collection: Deadpool Collection
Country: United States
Language: English",15.0,Ryan Reynolds,8.0,6.5,8.5,7.624
73,Daredevil (Season 2),2016,Unknown,Unknown,117.0,Unknown,Unknown,Unknown,Unknown,Unknown,Unknown,Unknown,Unknown,6.75,12.664111228245407,76.0,64.0,Non-MCU,Netflix Marvel,2010s,9,0,0,0,Unknown,6.745,8.745921121024347,8.1973,Unknown,Unknown,Unknown,Unknown,Unknown,Unknown,Unknown,0.0,0.0,Unknown,Unknown,19.70742255161285,18.603002309079653,19.193787894917058,"Title: Daredevil (Season 2)
Year: 2016
Universe: Netflix Marvel
MCU Phase: Non-MCU
Type: N/A
Rated: nan
Runtime: nan minutes
Genre: nan
Director: nan
Writer: nan
Cast: nan
Top 5 Cast: nan
Plot: nan
Tagline: nan
Keywords: nan
IMDb Rating: nan
Rotten Tomatoes: nan
Metacritic: nan
TMDB Rating: nan
Box Office: nan
Budget: nan
Revenue: nan
Awards: nan
Collection: nan
Country: nan
Language: nan",0.0,Unknown,6.564705882352942,6.004166666666666,6.603846153846154,6.554427350427351
74,Captain America: Civil War,2016,movie,PG-13,147.0,"Action, Sci-Fi","Anthony Russo, Joe Russo","Christopher Markus, Stephen McFeely, Joe Simon","Chris Evans, Robert Downey Jr., Scarlett Johansson",Political involvement in the Avengers' affairs causes a rift between Captain America and Iron Man.,"English, German, Xhosa, Russian, Romanian","United States, Germany, Iceland, United Kingdom",16 wins & 73 nominations total,7.8,13.738513956195874,90.0,75.0,Phase 3,MCU,2010s,9,0,0,1,"Adventure, Action, Science Fiction",7.448,10.089012306943829,14.5098,"Chris Evans, Robert Downey Jr., Scarlett Johansson, Sebastian Stan, Anthony Mackie","Joe Russo, Anthony Russo",Kevin Feige,Henry Jackman,"superhero, based on comic, sequel, super soldier, aftercreditsstinger, duringcreditsstinger, marvel cinematic universe (mcu), superhero teamup, versus fighting, versus",United States of America,"Romanian, English, German, Russian",0.0,0.0,Released,United we stand. Divided we fall.,20.867406367991446,19.33697147982652,19.826984451196704,"Title: Captain America: Civil War
Year: 2016
Universe: MCU
MCU Phase: Phase 3
Type: movie
Rated: PG-13
Runtime: 147 minutes
Genre: Action, Sci-Fi
Director: Anthony Russo, Joe Russo
Writer: Christopher Markus, Stephen McFeely, Joe Simon
Cast: Chris Evans, Robert Downey Jr., Scarlett Johansson
Top 5 Cast: Chris Evans, Robert Downey Jr., Scarlett Johansson, Sebastian Stan, Anthony Mackie
Plot: Political involvement in the Avengers' affairs causes a rift between Captain America and Iron Man.
Tagline: United we stand. Divided we fall.
Keywords: superhero, based on comic, sequel, super soldier, aftercreditsstinger, duringcreditsstinger, marvel cinematic universe (mcu), superhero teamup, versus fighting, versus
IMDb Rating: 7.8
Rotten Tomatoes: 90%
Metacritic: 75/100
TMDB Rating: 7.448
Box Office: 408084349
Budget: 250000000
Revenue: 1155046416
Awards: 16 wins & 73 nominations total
Collection: Captain America Collection
Country: United States, Germany, Iceland, United Kingdom
Language: English, German, Xhosa, Russian, Romanian",15.0,Chris Evans,7.8,7.5,9.0,7.448
75,X-Men: Apocalypse,2016,movie,PG-13,144.0,"Action, Adventure, Sci-Fi",Bryan Singer,"Simon Kinberg, Bryan Singer, Michael Dougherty","James McAvoy, Michael Fassbender, Jennifer Lawrence","In the 1980s, the X-Men must defeat an ancient all-powerful mutant, En Sabah Nur, who intends to thrive by bringing destruction to the world.","English, Polish, German, Arabic, Egyptian (Ancient)",United States,1 win & 19 nominations total,6.8,13.105365732464326,47.0,52.0,Non-MCU,Fox / X-Men,2010s,9,0,0,0,"Science Fiction, Fantasy, Action",6.525,9.532278933106054,8.9407,"James McAvoy, Michael Fassbender, Jennifer Lawrence, Nicholas Hoult, Oscar Isaac",Bryan Singer,"Simon Kinberg, Lauren Shuler Donner, Hutch Parker",John Ottman,"egypt, hero, superhero, mutant, based on comic, sequel, superhuman, super power, superhero team, world domination",United States of America,"Arabic, English, German, Polish, Russian, Swahili",0.0,0.0,Released,Only the strong will survive.,20.114339922634635,18.997294113874336,18.861786381947873,"Title: X-Men: Apocalypse
Year: 2016
Universe: Fox / X-Men
MCU Phase: Non-MCU
Type: movie
Rated: PG-13
Runtime: 144 minutes
Genre: Action, Adventure, Sci-Fi
Director: Bryan Singer
Writer: Simon Kinberg, Bryan Singer, Michael Dougherty
Cast: James McAvoy, Michael Fassbender, Jennifer Lawrence
Top 5 Cast: James McAvoy, Michael Fassbender, Jennifer Lawrence, Nicholas Hoult, Oscar Isaac
Plot: In the 1980s, the X-Men must defeat an ancient all-powerful mutant, En Sabah Nur, who intends to thrive by bringing destruction to the world.
Tagline: Only the strong will survive.
Keywords: egypt, hero, superhero, mutant, based on comic, sequel, superhuman, super power, superhero team, world domination
IMDb Rating: 6.8
Rotten Tomatoes: 47%
Metacritic: 52/100
TMDB Rating: 6.525
Box Office: 155442489
Budget: 178000000
Revenue: 543934787
Awards: 1 win & 19 nominations total
Collection: X-Men Collection
Country: United States
Language: English, Polish, German, Arabic, Egyptian (Ancient)",15.0,James McAvoy,6.8,5.2,4.7,6.525
76,Agents of S.H.I.E.L.D. (Season 3),2016,Unknown,Unknown,117.0,Unknown,Unknown,Unknown,Unknown,Unknown,Unknown,Unknown,Unknown,6.75,12.664111228245407,76.0,64.0,Non-MCU,MCU,2010s,9,0,0,1,Unknown,6.745,8.745921121024347,8.1973,Unknown,Unknown,Unknown,Unknown,Unknown,Unknown,Unknown,0.0,0.0,Unknown,Unknown,19.70742255161285,18.603002309079653,19.193787894917058,"Title: Agents of S.H.I.E.L.D. (Season 3)
Year: 2016
Universe: MCU
MCU Phase: Non-MCU
Type: N/A
Rated: nan
Runtime: nan minutes
Genre: nan
Director: nan
Writer: nan
Cast: nan
Top 5 Cast: nan
Plot: nan
Tagline: nan
Keywords: nan
IMDb Rating: nan
Rotten Tomatoes: nan
Metacritic: nan
TMDB Rating: nan
Box Office: nan
Budget: nan
Revenue: nan
Awards: nan
Collection: nan
Country: nan
Language: nan",0.0,Unknown,6.564705882352942,6.004166666666666,6.603846153846154,6.554427350427351
77,Luke Cage (Season 1),2016,Unknown,Unknown,117.0,Unknown,Unknown,Unknown,Unknown,Unknown,Unknown,Unknown,Unknown,6.75,12.664111228245407,76.0,64.0,Non-MCU,Netflix Marvel,2010s,9,0,0,0,Unknown,6.745,8.745921121024347,8.1973,Unknown,Unknown,Unknown,Unknown,Unknown,Unknown,Unknown,0.0,0.0,Unknown,Unknown,19.70742255161285,18.603002309079653,19.193787894917058,"Title: Luke Cage (Season 1)
Year: 2016
Universe: Netflix Marvel
MCU Phase: Non-MCU
Type: N/A
Rated: nan
Runtime: nan minutes
Genre: nan
Director: nan
Writer: nan
Cast: nan
Top 5 Cast: nan
Plot: nan
Tagline: nan
Keywords: nan
IMDb Rating: nan
Rotten Tomatoes: nan
Metacritic: nan
TMDB Rating: nan
Box Office: nan
Budget: nan
Revenue: nan
Awards: nan
Collection: nan
Country: nan
Language: nan",0.0,Unknown,6.564705882352942,6.004166666666666,6.603846153846154,6.554427350427351
78,Doctor Strange,2016,movie,PG-13,115.0,"Action, Adventure, Fantasy",Scott Derrickson,"Jon Spaihts, Scott Derrickson, C. Robert Cargill","Benedict Cumberbatch, Chiwetel Ejiofor, Rachel McAdams","While on a journey of physical and spiritual healing, a brilliant neurosurgeon is drawn into the world of the mystic arts.",English,"United States, Hong Kong, Nepal",Nominated for 1 Oscar. 21 wins & 68 nominations total,7.5,13.684935932649005,89.0,72.0,Phase 3,MCU,2010s,9,0,0,1,"Fantasy, Adventure, Action",7.421,10.06330784398357,10.9431,"Benedict Cumberbatch, Chiwetel Ejiofor, Rachel McAdams, Benedict Wong, Mads Mikkelsen",Scott Derrickson,Kevin Feige,Michael Giacchino,"magic, superhero, training, based on comic, sorcerer, doctor, neurosurgeon, injury, wizard, aftercreditsstinger",United States of America,English,0.0,0.0,Released,The impossibilities are endless.,20.33221116051931,19.00846741441004,19.265011009668733,"Title: Doctor Strange
Year: 2016
Universe: MCU
MCU Phase: Phase 3
Type: movie
Rated: PG-13
Runtime: 115 minutes
Genre: Action, Adventure, Fantasy
Director: Scott Derrickson
Writer: Jon Spaihts, Scott Derrickson, C. Robert Cargill
Cast: Benedict Cumberbatch, Chiwetel Ejiofor, Rachel McAdams
Top 5 Cast: Benedict Cumberbatch, Chiwetel Ejiofor, Rachel McAdams, Benedict Wong, Mads Mikkelsen
Plot: While on a journey of physical and spiritual healing, a brilliant neurosurgeon is drawn into the world of the mystic arts.
Tagline: The impossibilities are endless.
Keywords: magic, superhero, training, based on comic, sorcerer, doctor, neurosurgeon, injury, wizard, aftercreditsstinger
IMDb Rating: 7.5
Rotten Tomatoes: 89%
Metacritic: 72/100
TMDB Rating: 7.421
Box Office: 232641920
Budget: 180000000
Revenue: 676343174
Awards: Nominated for 1 Oscar. 21 wins & 68 nominations total
Collection: Doctor Strange Collection
Country: United States, Hong Kong, Nepal
Language: English",15.0,Benedict Cumberbatch,7.5,7.199999999999999,8.9,7.421
79,Legion (Season 1),2017,Unknown,Unknown,117.0,Unknown,Unknown,Unknown,Unknown,Unknown,Unknown,Unknown,Unknown,6.75,12.664111228245407,76.0,64.0,Non-MCU,Fox / X-Men,2010s,8,0,0,0,Unknown,6.745,8.745921121024347,8.1973,Unknown,Unknown,Unknown,Unknown,Unknown,Unknown,Unknown,0.0,0.0,Unknown,Unknown,19.70742255161285,18.603002309079653,19.193787894917058,"Title: Legion (Season 1)
Year: 2017
Universe: Fox / X-Men
MCU Phase: Non-MCU
Type: N/A
Rated: nan
Runtime: nan minutes
Genre: nan
Director: nan
Writer: nan
Cast: nan
Top 5 Cast: nan
Plot: nan
Tagline: nan
Keywords: nan
IMDb Rating: nan
Rotten Tomatoes: nan
Metacritic: nan
TMDB Rating: nan
Box Office: nan
Budget: nan
Revenue: nan
Awards: nan
Collection: nan
Country: nan
Language: nan",0.0,Unknown,6.564705882352942,6.004166666666666,6.603846153846154,6.554427350427351
80,Iron Fist (Season 1),2017,Unknown,Unknown,117.0,Unknown,Unknown,Unknown,Unknown,Unknown,Unknown,Unknown,Unknown,6.75,12.664111228245407,76.0,64.0,Non-MCU,Netflix Marvel,2010s,8,0,0,0,Unknown,6.745,8.745921121024347,8.1973,Unknown,Unknown,Unknown,Unknown,Unknown,Unknown,Unknown,0.0,0.0,Unknown,Unknown,19.70742255161285,18.603002309079653,19.193787894917058,"Title: Iron Fist (Season 1)
Year: 2017
Universe: Netflix Marvel
MCU Phase: Non-MCU
Type: N/A
Rated: nan
Runtime: nan minutes
Genre: nan
Director: nan
Writer: nan
Cast: nan
Top 5 Cast: nan
Plot: nan
Tagline: nan
Keywords: nan
IMDb Rating: nan
Rotten Tomatoes: nan
Metacritic: nan
TMDB Rating: nan
Box Office: nan
Budget: nan
Revenue: nan
Awards: nan
Collection: nan
Country: nan
Language: nan",0.0,Unknown,6.564705882352942,6.004166666666666,6.603846153846154,6.554427350427351
81,Logan,2017,movie,R,137.0,"Action, Drama, Sci-Fi",James Mangold,"James Mangold, Scott Frank, Michael Green","Hugh Jackman, Patrick Stewart, Dafne Keen","In a future where mutants are nearly extinct, an elderly and weary Logan leads a quiet life. But when Laura, a mutant child pursued by scientists, comes to him for help, he must get her to safety.","English, Spanish",United States,Nominated for 1 Oscar. 28 wins & 82 nominations total,8.1,13.729170228499155,93.0,77.0,Non-MCU,Fox / X-Men,2010s,8,0,0,0,"Action, Drama, Science Fiction",7.82,9.924808634239811,16.961,"Hugh Jackman, Dafne Keen, Patrick Stewart, Elizabeth Rodriguez, Boyd Holbrook",James Mangold,"Lauren Shuler Donner, Simon Kinberg, Hutch Parker",Marco Beltrami,"future, experiment, immortality, self-destruction, cyborg, dystopia, superhero, mutant, road trip, based on comic",United States of America,"English, Spanish",0.0,0.0,Released,Someone has come along.,20.243650461713184,18.390221546776935,19.23727077537673,"Title: Logan
Year: 2017
Universe: Fox / X-Men
MCU Phase: Non-MCU
Type: movie
Rated: R
Runtime: 137 minutes
Genre: Action, Drama, Sci-Fi
Director: James Mangold
Writer: James Mangold, Scott Frank, Michael Green
Cast: Hugh Jackman, Patrick Stewart, Dafne Keen
Top 5 Cast: Hugh Jackman, Dafne Keen, Patrick Stewart, Elizabeth Rodriguez, Boyd Holbrook
Plot: In a future where mutants are nearly extinct, an elderly and weary Logan leads a quiet life. But when Laura, a mutant child pursued by scientists, comes to him for help, he must get her to safety.
Tagline: Someone has come along.
Keywords: future, experiment, immortality, self-destruction, cyborg, dystopia, superhero, mutant, road trip, based on comic
IMDb Rating: 8.1
Rotten Tomatoes: 93%
Metacritic: 77/100
TMDB Rating: 7.82
Box Office: 226277068
Budget: 97000000
Revenue: 619021436
Awards: Nominated for 1 Oscar. 28 wins & 82 nominations total
Collection: The Wolverine Collection
Country: United States
Language: English, Spanish",15.0,Hugh Jackman,8.1,7.7,9.3,7.82
82,Guardians of the Galaxy Vol. 2,2017,movie,PG-13,136.0,"Action, Adventure, Comedy",James Gunn,"James Gunn, Dan Abnett, Andy Lanning","Chris Pratt, Zoe Saldaña, Dave Bautista","The Guardians struggle to keep together as a team while dealing with their personal family issues, notably Star-Lord's encounter with his father, the ambitious celestial being Ego.",English,United States,Nominated for 1 Oscar. 15 wins & 62 nominations total,7.6,13.626907312612117,85.0,67.0,Phase 3,MCU,2010s,8,0,0,1,"Science Fiction, Adventure, Action",7.6,10.042248994577703,11.3797,"Chris Pratt, Zoe Saldaña, Dave Bautista, Vin Diesel, Bradley Cooper",James Gunn,Kevin Feige,Tyler Bates,"hero, superhero, based on comic, sequel, alien, space, aftercreditsstinger, duringcreditsstinger, marvel cinematic universe (mcu), father son relationship",United States of America,English,0.0,0.0,Released,Anyone can save the galaxy once.,20.576800939678627,19.11382792951231,19.781177956581633,"Title: Guardians of the Galaxy Vol. 2
Year: 2017
Universe: MCU
MCU Phase: Phase 3
Type: movie
Rated: PG-13
Runtime: 136 minutes
Genre: Action, Adventure, Comedy
Director: James Gunn
Writer: James Gunn, Dan Abnett, Andy Lanning
Cast: Chris Pratt, Zoe Saldaña, Dave Bautista
Top 5 Cast: Chris Pratt, Zoe Saldaña, Dave Bautista, Vin Diesel, Bradley Cooper
Plot: The Guardians struggle to keep together as a team while dealing with their personal family issues, notably Star-Lord's encounter with his father, the ambitious celestial being Ego.
Tagline: Anyone can save the galaxy once.
Keywords: hero, superhero, based on comic, sequel, alien, space, aftercreditsstinger, duringcreditsstinger, marvel cinematic universe (mcu), father son relationship
IMDb Rating: 7.6
Rotten Tomatoes: 85%
Metacritic: 67/100
TMDB Rating: 7.6
Box Office: 389813101
Budget: 200000000
Revenue: 863756051
Awards: Nominated for 1 Oscar. 15 wins & 62 nominations total
Collection: Guardians of the Galaxy Collection
Country: United States
Language: English",15.0,Chris Pratt,7.6,6.7,8.5,7.6
83,Spider-Man: Homecoming,2017,movie,PG-13,133.0,"Action, Adventure, Sci-Fi",Jon Watts,"Jonathan Goldstein, John Francis Daley, Jon Watts","Tom Holland, Michael Keaton, Robert Downey Jr.",Peter Parker tries to stop Adrian 'The Vulture' Toomes from selling weapons made with advanced Chitauri technology while trying to balance his life as an ordinary high school student.,"English, Spanish",United States,8 wins & 11 nominations total,7.4,13.58615273801689,92.0,73.0,Phase 3,MCU,2010s,8,0,0,1,"Action, Adventure, Science Fiction",7.331,10.052640047938569,27.0927,"Tom Holland, Michael Keaton, Robert Downey Jr., Marisa Tomei, Jon Favreau",Jon Watts,"Kevin Feige, Amy Pascal",Michael Giacchino,"high school, new york city, washington dc, usa, secret identity, superhero, based on comic, reboot, aftercreditsstinger, duringcreditsstinger, marvel cinematic universe (mcu)",United States of America,English,0.0,0.0,Released,Homework can wait. The city can't.,20.596543423094474,18.980296537602072,19.6295002739051,"Title: Spider-Man: Homecoming
Year: 2017
Universe: MCU
MCU Phase: Phase 3
Type: movie
Rated: PG-13
Runtime: 133 minutes
Genre: Action, Adventure, Sci-Fi
Director: Jon Watts
Writer: Jonathan Goldstein, John Francis Daley, Jon Watts
Cast: Tom Holland, Michael Keaton, Robert Downey Jr.
Top 5 Cast: Tom Holland, Michael Keaton, Robert Downey Jr., Marisa Tomei, Jon Favreau
Plot: Peter Parker tries to stop Adrian 'The Vulture' Toomes from selling weapons made with advanced Chitauri technology while trying to balance his life as an ordinary high school student.
Tagline: Homework can wait. The city can't.
Keywords: high school, new york city, washington dc, usa, secret identity, superhero, based on comic, reboot, aftercreditsstinger, duringcreditsstinger, marvel cinematic universe (mcu)
IMDb Rating: 7.4
Rotten Tomatoes: 92%
Metacritic: 73/100
TMDB Rating: 7.331
Box Office: 334952829
Budget: 175000000
Revenue: 880978185
Awards: 8 wins & 11 nominations total
Collection: Spider-Man (MCU) Collection
Country: United States
Language: English, Spanish",15.0,Tom Holland,7.4,7.3,9.2,7.331
84,The Defenders,2017,movie,Unknown,117.0,"Short, Sci-Fi",Kevin Wendell,Kevin Wendell,Unknown,Unknown,English,United States,Unknown,6.75,12.664111228245407,76.0,64.0,Non-MCU,Netflix Marvel,2010s,8,0,0,0,"Science Fiction, Action, Fantasy, Comedy, Thriller",5.026,6.704414354964107,2.4548,"Anton Pampushnyy, Sanzhar Madi, Sebastien Sisak, Alina Lanina, Valeriya Shkirando",Sarik Andreasyan,"Georgy Malkov, Vladimir Polyakov, Gevond Andreasyan",Georgy Zheryakov,"cold war, superhero, superhero team, soviet politics, independent film","Russia, United States of America",Russian,0.0,0.0,Released,Squad of Soviet Superheroes,16.52791685747819,15.501909696719672,19.193787894917058,"Title: The Defenders
Year: 2017
Universe: Netflix Marvel
MCU Phase: Non-MCU
Type: movie
Rated: N/A
Runtime: N/A minutes
Genre: Short, Sci-Fi
Director: Kevin Wendell
Writer: Kevin Wendell
Cast: N/A
Top 5 Cast: Anton Pampushnyy, Sanzhar Madi, Sebastien Sisak, Alina Lanina, Valeriya Shkirando
Plot: N/A
Tagline: Squad of Soviet Superheroes
Keywords: cold war, superhero, superhero team, soviet politics, independent film
IMDb Rating: N/A
Rotten Tomatoes: None
Metacritic: None
TMDB Rating: 5.026
Box Office: N/A
Budget: 5400000
Revenue: 15065483
Awards: N/A
Collection: N/A
Country: United States
Language: English",15.0,Anton Pampushnyy,6.564705882352942,6.004166666666666,6.603846153846154,5.026
85,Inhumans,2017,movie,Unknown,117.0,Action,Unknown,Unknown,Anson Mount,Unknown,English,United States,Unknown,6.75,2.9444389791664403,76.0,64.0,Non-MCU,MCU,2010s,8,0,0,1,"Science Fiction, Action, Adventure",5.313,4.7535901911063645,0.4662,"Anson Mount, Serinda Swan, Iwan Rheon, Ken Leung, Eme Ikwuakor",Roel Reiné,"Paul D. Goldman, Geoffrey Colo, Jean Higgins",Unknown,"superhero, royal family, based on comic, marvel cinematic universe (mcu)",United States of America,English,0.0,0.0,Released,The most uncanny heroes of all.,14.77102238760702,18.197537205138154,19.193787894917058,"Title: Inhumans
Year: 2017
Universe: MCU
MCU Phase: Non-MCU
Type: movie
Rated: N/A
Runtime: N/A minutes
Genre: Action
Director: N/A
Writer: N/A
Cast: Anson Mount
Top 5 Cast: Anson Mount, Serinda Swan, Iwan Rheon, Ken Leung, Eme Ikwuakor
Plot: N/A
Tagline: The most uncanny heroes of all.
Keywords: superhero, royal family, based on comic, marvel cinematic universe (mcu)
IMDb Rating: N/A
Rotten Tomatoes: None
Metacritic: None
TMDB Rating: 5.313
Box Office: N/A
Budget: 80000000
Revenue: 2600000
Awards: N/A
Collection: N/A
Country: United States
Language: English",15.0,Anson Mount,6.564705882352942,6.004166666666666,6.603846153846154,5.313
86,The Gifted (Season 1),2017,Unknown,Unknown,117.0,Unknown,Unknown,Unknown,Unknown,Unknown,Unknown,Unknown,Unknown,6.75,12.664111228245407,76.0,64.0,Non-MCU,Fox / X-Men,2010s,8,0,0,0,Unknown,6.745,8.745921121024347,8.1973,Unknown,Unknown,Unknown,Unknown,Unknown,Unknown,Unknown,0.0,0.0,Unknown,Unknown,19.70742255161285,18.603002309079653,19.193787894917058,"Title: The Gifted (Season 1)
Year: 2017
Universe: Fox / X-Men
MCU Phase: Non-MCU
Type: N/A
Rated: nan
Runtime: nan minutes
Genre: nan
Director: nan
Writer: nan
Cast: nan
Top 5 Cast: nan
Plot: nan
Tagline: nan
Keywords: nan
IMDb Rating: nan
Rotten Tomatoes: nan
Metacritic: nan
TMDB Rating: nan
Box Office: nan
Budget: nan
Revenue: nan
Awards: nan
Collection: nan
Country: nan
Language: nan",0.0,Unknown,6.564705882352942,6.004166666666666,6.603846153846154,6.554427350427351
87,Thor: Ragnarok,2017,movie,PG-13,130.0,"Action, Adventure, Comedy",Taika Waititi,"Eric Pearson, Craig Kyle, Christopher Yost","Chris Hemsworth, Tom Hiddleston, Cate Blanchett","Imprisoned on the planet Sakaar, Thor must race against time to return to Asgard and stop Ragnarök, the destruction of his world, at the hands of the powerful and ruthless villain Hela.",English,United States,6 wins & 50 nominations total,7.9,13.701819887148421,93.0,74.0,Phase 3,MCU,2010s,8,0,0,1,"Action, Science Fiction, Comedy",7.581,10.001339952703633,14.6474,"Chris Hemsworth, Mark Ruffalo, Tom Hiddleston, Cate Blanchett, Idris Elba",Taika Waititi,Kevin Feige,Mark Mothersbaugh,"superhero, death of father, based on comic, sequel, alien planet, female villain, norse mythology, aftercreditsstinger, duringcreditsstinger, marvel cinematic universe (mcu)",United States of America,English,0.0,0.0,Released,No hammer. No problem.,20.56696495525777,19.00846741441004,19.568268227289757,"Title: Thor: Ragnarok
Year: 2017
Universe: MCU
MCU Phase: Phase 3
Type: movie
Rated: PG-13
Runtime: 130 minutes
Genre: Action, Adventure, Comedy
Director: Taika Waititi
Writer: Eric Pearson, Craig Kyle, Christopher Yost
Cast: Chris Hemsworth, Tom Hiddleston, Cate Blanchett
Top 5 Cast: Chris Hemsworth, Mark Ruffalo, Tom Hiddleston, Cate Blanchett, Idris Elba
Plot: Imprisoned on the planet Sakaar, Thor must race against time to return to Asgard and stop Ragnarök, the destruction of his world, at the hands of the powerful and ruthless villain Hela.
Tagline: No hammer. No problem.
Keywords: superhero, death of father, based on comic, sequel, alien planet, female villain, norse mythology, aftercreditsstinger, duringcreditsstinger, marvel cinematic universe (mcu)
IMDb Rating: 7.9
Rotten Tomatoes: 93%
Metacritic: 74/100
TMDB Rating: 7.581
Box Office: 315058289
Budget: 180000000
Revenue: 855301806
Awards: 6 wins & 50 nominations total
Collection: Thor Collection
Country: United States
Language: English",15.0,Chris Hemsworth,7.9,7.4,9.3,7.581
88,The Punisher (Season 1),2017,Unknown,Unknown,117.0,Unknown,Unknown,Unknown,Unknown,Unknown,Unknown,Unknown,Unknown,6.75,12.664111228245407,76.0,64.0,Non-MCU,Netflix Marvel,2010s,8,0,0,0,Unknown,6.745,8.745921121024347,8.1973,Unknown,Unknown,Unknown,Unknown,Unknown,Unknown,Unknown,0.0,0.0,Unknown,Unknown,19.70742255161285,18.603002309079653,19.193787894917058,"Title: The Punisher (Season 1)
Year: 2017
Universe: Netflix Marvel
MCU Phase: Non-MCU
Type: N/A
Rated: nan
Runtime: nan minutes
Genre: nan
Director: nan
Writer: nan
Cast: nan
Top 5 Cast: nan
Plot: nan
Tagline: nan
Keywords: nan
IMDb Rating: nan
Rotten Tomatoes: nan
Metacritic: nan
TMDB Rating: nan
Box Office: nan
Budget: nan
Revenue: nan
Awards: nan
Collection: nan
Country: nan
Language: nan",0.0,Unknown,6.564705882352942,6.004166666666666,6.603846153846154,6.554427350427351
89,Runaways (Season 1),2017,Unknown,Unknown,117.0,Unknown,Unknown,Unknown,Unknown,Unknown,Unknown,Unknown,Unknown,6.75,12.664111228245407,76.0,64.0,Non-MCU,MCU,2010s,8,0,0,1,Unknown,6.745,8.745921121024347,8.1973,Unknown,Unknown,Unknown,Unknown,Unknown,Unknown,Unknown,0.0,0.0,Unknown,Unknown,19.70742255161285,18.603002309079653,19.193787894917058,"Title: Runaways (Season 1)
Year: 2017
Universe: MCU
MCU Phase: Non-MCU
Type: N/A
Rated: nan
Runtime: nan minutes
Genre: nan
Director: nan
Writer: nan
Cast: nan
Top 5 Cast: nan
Plot: nan
Tagline: nan
Keywords: nan
IMDb Rating: nan
Rotten Tomatoes: nan
Metacritic: nan
TMDB Rating: nan
Box Office: nan
Budget: nan
Revenue: nan
Awards: nan
Collection: nan
Country: nan
Language: nan",0.0,Unknown,6.564705882352942,6.004166666666666,6.603846153846154,6.554427350427351
90,Agents of S.H.I.E.L.D. (Season 4),2017,Unknown,Unknown,117.0,Unknown,Unknown,Unknown,Unknown,Unknown,Unknown,Unknown,Unknown,6.75,12.664111228245407,76.0,64.0,Non-MCU,MCU,2010s,8,0,0,1,Unknown,6.745,8.745921121024347,8.1973,Unknown,Unknown,Unknown,Unknown,Unknown,Unknown,Unknown,0.0,0.0,Unknown,Unknown,19.70742255161285,18.603002309079653,19.193787894917058,"Title: Agents of S.H.I.E.L.D. (Season 4)
Year: 2017
Universe: MCU
MCU Phase: Non-MCU
Type: N/A
Rated: nan
Runtime: nan minutes
Genre: nan
Director: nan
Writer: nan
Cast: nan
Top 5 Cast: nan
Plot: nan
Tagline: nan
Keywords: nan
IMDb Rating: nan
Rotten Tomatoes: nan
Metacritic: nan
TMDB Rating: nan
Box Office: nan
Budget: nan
Revenue: nan
Awards: nan
Collection: nan
Country: nan
Language: nan",0.0,Unknown,6.564705882352942,6.004166666666666,6.603846153846154,6.554427350427351
91,Black Panther,2018,movie,PG-13,134.0,"Action, Adventure, Sci-Fi",Ryan Coogler,"Ryan Coogler, Joe Robert Cole, Stan Lee","Chadwick Boseman, Michael B. Jordan, Lupita Nyong'o","T'Challa, heir to the hidden but advanced kingdom of Wakanda, must step forward to lead his people into a new future and must confront a challenger from his country's past.","English, Swahili, Nama, Xhosa, Korean",United States,Won 3 Oscars. 125 wins & 289 nominations total,7.3,13.718345258489016,96.0,88.0,Phase 3,MCU,2010s,7,0,0,1,"Action, Adventure, Science Fiction",7.364,10.066031481721408,22.966,"Chadwick Boseman, Michael B. Jordan, Lupita Nyong'o, Danai Gurira, Martin Freeman",Ryan Coogler,Kevin Feige,Ludwig Göransson,"africa, superhero, based on comic, aftercreditsstinger, duringcreditsstinger, marvel cinematic universe (mcu)",United States of America,"English, Korean, Swahili, Xhosa",0.0,0.0,Released,Long live the king.,21.023315675305177,19.11382792951231,20.367200088838782,"Title: Black Panther
Year: 2018
Universe: MCU
MCU Phase: Phase 3
Type: movie
Rated: PG-13
Runtime: 134 minutes
Genre: Action, Adventure, Sci-Fi
Director: Ryan Coogler
Writer: Ryan Coogler, Joe Robert Cole, Stan Lee
Cast: Chadwick Boseman, Michael B. Jordan, Lupita Nyong'o
Top 5 Cast: Chadwick Boseman, Michael B. Jordan, Lupita Nyong'o, Danai Gurira, Martin Freeman
Plot: T'Challa, heir to the hidden but advanced kingdom of Wakanda, must step forward to lead his people into a new future and must confront a challenger from his country's past.
Tagline: Long live the king.
Keywords: africa, superhero, based on comic, aftercreditsstinger, duringcreditsstinger, marvel cinematic universe (mcu)
IMDb Rating: 7.3
Rotten Tomatoes: 96%
Metacritic: 88/100
TMDB Rating: 7.364
Box Office: 700426566
Budget: 200000000
Revenue: 1349926083
Awards: Won 3 Oscars. 125 wins & 289 nominations total
Collection: Black Panther Collection
Country: United States
Language: English, Swahili, Nama, Xhosa, Korean",15.0,Chadwick Boseman,7.3,8.8,9.6,7.364
92,Jessica Jones (Season 2),2018,Unknown,Unknown,117.0,Unknown,Unknown,Unknown,Unknown,Unknown,Unknown,Unknown,Unknown,6.75,12.664111228245407,76.0,64.0,Non-MCU,Netflix Marvel,2010s,7,0,0,0,Unknown,6.745,8.745921121024347,8.1973,Unknown,Unknown,Unknown,Unknown,Unknown,Unknown,Unknown,0.0,0.0,Unknown,Unknown,19.70742255161285,18.603002309079653,19.193787894917058,"Title: Jessica Jones (Season 2)
Year: 2018
Universe: Netflix Marvel
MCU Phase: Non-MCU
Type: N/A
Rated: nan
Runtime: nan minutes
Genre: nan
Director: nan
Writer: nan
Cast: nan
Top 5 Cast: nan
Plot: nan
Tagline: nan
Keywords: nan
IMDb Rating: nan
Rotten Tomatoes: nan
Metacritic: nan
TMDB Rating: nan
Box Office: nan
Budget: nan
Revenue: nan
Awards: nan
Collection: nan
Country: nan
Language: nan",0.0,Unknown,6.564705882352942,6.004166666666666,6.603846153846154,6.554427350427351
93,Legion (Season 2),2018,Unknown,Unknown,117.0,Unknown,Unknown,Unknown,Unknown,Unknown,Unknown,Unknown,Unknown,6.75,12.664111228245407,76.0,64.0,Non-MCU,Fox / X-Men,2010s,7,0,0,0,Unknown,6.745,8.745921121024347,8.1973,Unknown,Unknown,Unknown,Unknown,Unknown,Unknown,Unknown,0.0,0.0,Unknown,Unknown,19.70742255161285,18.603002309079653,19.193787894917058,"Title: Legion (Season 2)
Year: 2018
Universe: Fox / X-Men
MCU Phase: Non-MCU
Type: N/A
Rated: nan
Runtime: nan minutes
Genre: nan
Director: nan
Writer: nan
Cast: nan
Top 5 Cast: nan
Plot: nan
Tagline: nan
Keywords: nan
IMDb Rating: nan
Rotten Tomatoes: nan
Metacritic: nan
TMDB Rating: nan
Box Office: nan
Budget: nan
Revenue: nan
Awards: nan
Collection: nan
Country: nan
Language: nan",0.0,Unknown,6.564705882352942,6.004166666666666,6.603846153846154,6.554427350427351
94,Avengers: Infinity War,2018,movie,PG-13,149.0,"Action, Adventure, Sci-Fi","Anthony Russo, Joe Russo","Christopher Markus, Stephen McFeely, Stan Lee","Robert Downey Jr., Chris Hemsworth, Mark Ruffalo",The Avengers and their allies must be willing to sacrifice all in an attempt to defeat the powerful Thanos before his blitz of devastation and ruin puts an end to the universe.,English,"United States, Norway",Nominated for 1 Oscar. 48 wins & 80 nominations total,8.4,14.129401166584186,85.0,68.0,Phase 3,MCU,2010s,7,0,0,1,"Adventure, Action, Science Fiction",8.237,10.377140763947736,53.601,"Robert Downey Jr., Chris Evans, Chris Hemsworth, Josh Brolin, Mark Ruffalo","Anthony Russo, Joe Russo",Kevin Feige,Alan Silvestri,"sacrifice, magic, superhero, based on comic, space, battlefield, genocide, magical object, super power, superhero team",United States of America,"English, Xhosa",0.0,0.0,Released,Destiny arrives all the same.,21.442283005011472,19.519293035953808,20.33585990043369,"Title: Avengers: Infinity War
Year: 2018
Universe: MCU
MCU Phase: Phase 3
Type: movie
Rated: PG-13
Runtime: 149 minutes
Genre: Action, Adventure, Sci-Fi
Director: Anthony Russo, Joe Russo
Writer: Christopher Markus, Stephen McFeely, Stan Lee
Cast: Robert Downey Jr., Chris Hemsworth, Mark Ruffalo
Top 5 Cast: Robert Downey Jr., Chris Evans, Chris Hemsworth, Josh Brolin, Mark Ruffalo
Plot: The Avengers and their allies must be willing to sacrifice all in an attempt to defeat the powerful Thanos before his blitz of devastation and ruin puts an end to the universe.
Tagline: Destiny arrives all the same.
Keywords: sacrifice, magic, superhero, based on comic, space, battlefield, genocide, magical object, super power, superhero team
IMDb Rating: 8.4
Rotten Tomatoes: 85%
Metacritic: 68/100
TMDB Rating: 8.237
Box Office: 678815482
Budget: 300000000
Revenue: 2052415039
Awards: Nominated for 1 Oscar. 48 wins & 80 nominations total
Collection: The Avengers Collection
Country: United States, Norway
Language: English",15.0,Robert Downey Jr.,8.4,6.800000000000001,8.5,8.237
95,Deadpool 2,2018,movie,R,119.0,"Action, Adventure, Comedy",David Leitch,"Rhett Reese, Paul Wernick, Ryan Reynolds","Ryan Reynolds, Josh Brolin, Morena Baccarin","Foul-mouthed mutant mercenary Wade Wilson (a.k.a. Deadpool) assembles a team of fellow mutant rogues to protect a young boy with abilities from the brutal, time-traveling cyborg Cable.","English, Cantonese, Spanish, Russian","United States, Canada",6 wins & 53 nominations total,7.6,13.518075748469716,83.0,66.0,Non-MCU,Fox / X-Men,2010s,7,0,0,0,"Action, Comedy, Adventure",7.491,9.866045257060257,14.6244,"Ryan Reynolds, Josh Brolin, Morena Baccarin, Julian Dennison, Zazie Beetz",David Leitch,"Simon Kinberg, Lauren Shuler Donner, Ryan Reynolds",Tyler Bates,"hero, superhero, mutant, mercenary, based on comic, sequel, breaking the fourth wall, aftercreditsstinger, duringcreditsstinger, joyful",United States of America,"Cantonese, English, Russian, Spanish",0.0,0.0,Released,Prepare for the Second Coming.,20.48233583156714,18.5159909328476,19.598078753694185,"Title: Deadpool 2
Year: 2018
Universe: Fox / X-Men
MCU Phase: Non-MCU
Type: movie
Rated: R
Runtime: 119 minutes
Genre: Action, Adventure, Comedy
Director: David Leitch
Writer: Rhett Reese, Paul Wernick, Ryan Reynolds
Cast: Ryan Reynolds, Josh Brolin, Morena Baccarin
Top 5 Cast: Ryan Reynolds, Josh Brolin, Morena Baccarin, Julian Dennison, Zazie Beetz
Plot: Foul-mouthed mutant mercenary Wade Wilson (a.k.a. Deadpool) assembles a team of fellow mutant rogues to protect a young boy with abilities from the brutal, time-traveling cyborg Cable.
Tagline: Prepare for the Second Coming.
Keywords: hero, superhero, mutant, mercenary, based on comic, sequel, breaking the fourth wall, aftercreditsstinger, duringcreditsstinger, joyful
IMDb Rating: 7.6
Rotten Tomatoes: 83%
Metacritic: 66/100
TMDB Rating: 7.491
Box Office: 324591735
Budget: 110000000
Revenue: 785896632
Awards: 6 wins & 53 nominations total
Collection: Deadpool Collection
Country: United States, Canada
Language: English, Cantonese, Spanish, Russian",15.0,Ryan Reynolds,7.6,6.6000000000000005,8.3,7.491
96,Cloak & Dagger (Season 1),2018,Unknown,Unknown,117.0,Unknown,Unknown,Unknown,Unknown,Unknown,Unknown,Unknown,Unknown,6.75,12.664111228245407,76.0,64.0,Non-MCU,MCU,2010s,7,0,0,1,Unknown,6.745,8.745921121024347,8.1973,Unknown,Unknown,Unknown,Unknown,Unknown,Unknown,Unknown,0.0,0.0,Unknown,Unknown,19.70742255161285,18.603002309079653,19.193787894917058,"Title: Cloak & Dagger (Season 1)
Year: 2018
Universe: MCU
MCU Phase: Non-MCU
Type: N/A
Rated: nan
Runtime: nan minutes
Genre: nan
Director: nan
Writer: nan
Cast: nan
Top 5 Cast: nan
Plot: nan
Tagline: nan
Keywords: nan
IMDb Rating: nan
Rotten Tomatoes: nan
Metacritic: nan
TMDB Rating: nan
Box Office: nan
Budget: nan
Revenue: nan
Awards: nan
Collection: nan
Country: nan
Language: nan",0.0,Unknown,6.564705882352942,6.004166666666666,6.603846153846154,6.554427350427351
97,Luke Cage (Season 2),2018,Unknown,Unknown,117.0,Unknown,Unknown,Unknown,Unknown,Unknown,Unknown,Unknown,Unknown,6.75,12.664111228245407,76.0,64.0,Non-MCU,Netflix Marvel,2010s,7,0,0,0,Unknown,6.745,8.745921121024347,8.1973,Unknown,Unknown,Unknown,Unknown,Unknown,Unknown,Unknown,0.0,0.0,Unknown,Unknown,19.70742255161285,18.603002309079653,19.193787894917058,"Title: Luke Cage (Season 2)
Year: 2018
Universe: Netflix Marvel
MCU Phase: Non-MCU
Type: N/A
Rated: nan
Runtime: nan minutes
Genre: nan
Director: nan
Writer: nan
Cast: nan
Top 5 Cast: nan
Plot: nan
Tagline: nan
Keywords: nan
IMDb Rating: nan
Rotten Tomatoes: nan
Metacritic: nan
TMDB Rating: nan
Box Office: nan
Budget: nan
Revenue: nan
Awards: nan
Collection: nan
Country: nan
Language: nan",0.0,Unknown,6.564705882352942,6.004166666666666,6.603846153846154,6.554427350427351
98,Ant-Man and the Wasp,2018,movie,PG-13,118.0,"Action, Adventure, Comedy",Peyton Reed,"Chris McKenna, Erik Sommers, Paul Rudd","Paul Rudd, Evangeline Lilly, Michael Peña","As Scott Lang balances being both a superhero and a father, Hope van Dyne and Dr. Hank Pym present an urgent new mission that finds the Ant-Man fighting alongside The Wasp to uncover secrets from their past.","English, Spanish, French","United States, Canada",2 wins & 21 nominations total,7.0,13.110171355838967,87.0,70.0,Phase 3,MCU,2010s,7,0,0,1,"Action, Adventure, Science Fiction",6.902,9.561701221091147,9.6745,"Paul Rudd, Evangeline Lilly, Michael Douglas, Hannah John-Kamen, Randall Park",Peyton Reed,"Kevin Feige, Stephen Broussard",Christophe Beck,"van, dreams, insect, flying, chase, fight, superhero, ant, nuclear missile, shrinking",United States of America,English,0.0,0.0,Released,Real heroes. Not actual size.,20.249533890154254,18.757152987716434,19.193787894917058,"Title: Ant-Man and the Wasp
Year: 2018
Universe: MCU
MCU Phase: Phase 3
Type: movie
Rated: PG-13
Runtime: 118 minutes
Genre: Action, Adventure, Comedy
Director: Peyton Reed
Writer: Chris McKenna, Erik Sommers, Paul Rudd
Cast: Paul Rudd, Evangeline Lilly, Michael Peña
Top 5 Cast: Paul Rudd, Evangeline Lilly, Michael Douglas, Hannah John-Kamen, Randall Park
Plot: As Scott Lang balances being both a superhero and a father, Hope van Dyne and Dr. Hank Pym present an urgent new mission that finds the Ant-Man fighting alongside The Wasp to uncover secrets from their past.
Tagline: Real heroes. Not actual size.
Keywords: van, dreams, insect, flying, chase, fight, superhero, ant, nuclear missile, shrinking
IMDb Rating: 7.0
Rotten Tomatoes: 87%
Metacritic: 70/100
TMDB Rating: 6.902
Box Office: 216648740
Budget: 140000000
Revenue: 622674139
Awards: 2 wins & 21 nominations total
Collection: Ant-Man Collection
Country: United States, Canada
Language: English, Spanish, French",15.0,Paul Rudd,7.0,7.0,8.7,6.902
99,Iron Fist (Season 2),2018,Unknown,Unknown,117.0,Unknown,Unknown,Unknown,Unknown,Unknown,Unknown,Unknown,Unknown,6.75,12.664111228245407,76.0,64.0,Non-MCU,Netflix Marvel,2010s,7,0,0,0,Unknown,6.745,8.745921121024347,8.1973,Unknown,Unknown,Unknown,Unknown,Unknown,Unknown,Unknown,0.0,0.0,Unknown,Unknown,19.70742255161285,18.603002309079653,19.193787894917058,"Title: Iron Fist (Season 2)
Year: 2018
Universe: Netflix Marvel
MCU Phase: Non-MCU
Type: N/A
Rated: nan
Runtime: nan minutes
Genre: nan
Director: nan
Writer: nan
Cast: nan
Top 5 Cast: nan
Plot: nan
Tagline: nan
Keywords: nan
IMDb Rating: nan
Rotten Tomatoes: nan
Metacritic: nan
TMDB Rating: nan
Box Office: nan
Budget: nan
Revenue: nan
Awards: nan
Collection: nan
Country: nan
Language: nan",0.0,Unknown,6.564705882352942,6.004166666666666,6.603846153846154,6.554427350427351
100,Venom,2018,movie,PG-13,112.0,"Action, Adventure, Sci-Fi",Ruben Fleischer,"Jeff Pinkner, Scott Rosenberg, Kelly Marcel","Tom Hardy, Michelle Williams, Riz Ahmed","A failed reporter is bonded to an alien entity, one of many symbiotes who have invaded Earth. But the being takes a liking to Earth and decides to protect it.","English, Mandarin, Malay","United States, China",2 wins & 9 nominations total,6.6,13.307349713850428,31.0,35.0,Non-MCU,Sony / Spider-Man,2010s,7,0,0,0,"Science Fiction, Action",6.826,9.756436609824092,9.0171,"Tom Hardy, Michelle Williams, Riz Ahmed, Scott Haze, Reid Scott",Ruben Fleischer,"Amy Pascal, Matt Tolmach, Avi Arad",Ludwig Göransson,"spacecraft, san francisco, california, superhero, anti hero, alien life-form, based on comic, aftercreditsstinger, duringcreditsstinger, business tycoon, symbiote","China, United States of America","Mandarin, English, Malay",0.0,0.0,Released,The world has enough Superheroes.,20.567880405794057,18.569100757691327,19.179220020313856,"Title: Venom
Year: 2018
Universe: Sony / Spider-Man
MCU Phase: Non-MCU
Type: movie
Rated: PG-13
Runtime: 112 minutes
Genre: Action, Adventure, Sci-Fi
Director: Ruben Fleischer
Writer: Jeff Pinkner, Scott Rosenberg, Kelly Marcel
Cast: Tom Hardy, Michelle Williams, Riz Ahmed
Top 5 Cast: Tom Hardy, Michelle Williams, Riz Ahmed, Scott Haze, Reid Scott
Plot: A failed reporter is bonded to an alien entity, one of many symbiotes who have invaded Earth. But the being takes a liking to Earth and decides to protect it.
Tagline: The world has enough Superheroes.
Keywords: spacecraft, san francisco, california, superhero, anti hero, alien life-form, based on comic, aftercreditsstinger, duringcreditsstinger, business tycoon, symbiote
IMDb Rating: 6.6
Rotten Tomatoes: 31%
Metacritic: 35/100
TMDB Rating: 6.826
Box Office: 213515506
Budget: 116000000
Revenue: 856085151
Awards: 2 wins & 9 nominations total
Collection: Venom Collection
Country: United States, China
Language: English, Mandarin, Malay",15.0,Tom Hardy,6.6,3.5,3.1,6.826
101,Daredevil (Season 3),2018,Unknown,Unknown,117.0,Unknown,Unknown,Unknown,Unknown,Unknown,Unknown,Unknown,Unknown,6.75,12.664111228245407,76.0,64.0,Non-MCU,Netflix Marvel,2010s,7,0,0,0,Unknown,6.745,8.745921121024347,8.1973,Unknown,Unknown,Unknown,Unknown,Unknown,Unknown,Unknown,0.0,0.0,Unknown,Unknown,19.70742255161285,18.603002309079653,19.193787894917058,"Title: Daredevil (Season 3)
Year: 2018
Universe: Netflix Marvel
MCU Phase: Non-MCU
Type: N/A
Rated: nan
Runtime: nan minutes
Genre: nan
Director: nan
Writer: nan
Cast: nan
Top 5 Cast: nan
Plot: nan
Tagline: nan
Keywords: nan
IMDb Rating: nan
Rotten Tomatoes: nan
Metacritic: nan
TMDB Rating: nan
Box Office: nan
Budget: nan
Revenue: nan
Awards: nan
Collection: nan
Country: nan
Language: nan",0.0,Unknown,6.564705882352942,6.004166666666666,6.603846153846154,6.554427350427351
102,Runaways (Season 2),2018,Unknown,Unknown,117.0,Unknown,Unknown,Unknown,Unknown,Unknown,Unknown,Unknown,Unknown,6.75,12.664111228245407,76.0,64.0,Non-MCU,MCU,2010s,7,0,0,1,Unknown,6.745,8.745921121024347,8.1973,Unknown,Unknown,Unknown,Unknown,Unknown,Unknown,Unknown,0.0,0.0,Unknown,Unknown,19.70742255161285,18.603002309079653,19.193787894917058,"Title: Runaways (Season 2)
Year: 2018
Universe: MCU
MCU Phase: Non-MCU
Type: N/A
Rated: nan
Runtime: nan minutes
Genre: nan
Director: nan
Writer: nan
Cast: nan
Top 5 Cast: nan
Plot: nan
Tagline: nan
Keywords: nan
IMDb Rating: nan
Rotten Tomatoes: nan
Metacritic: nan
TMDB Rating: nan
Box Office: nan
Budget: nan
Revenue: nan
Awards: nan
Collection: nan
Country: nan
Language: nan",0.0,Unknown,6.564705882352942,6.004166666666666,6.603846153846154,6.554427350427351
103,Spider-Man: Into the Spider-Verse,2018,movie,PG,117.0,"Animation, Action, Adventure","Bob Persichetti, Peter Ramsey, Rodney Rothman","Phil Lord, Rodney Rothman","Shameik Moore, Jake Johnson, Hailee Steinfeld",Teen Miles Morales becomes the Spider-Man of his universe and must join with five spider-powered individuals from other dimensions to stop a threat for all realities.,"English, Spanish","Canada, United States",Won 1 Oscar. 85 wins & 60 nominations total,8.4,13.56321493418275,97.0,87.0,Non-MCU,Sony / Spider-Man,2010s,7,0,0,0,"Animation, Action, Adventure, Science Fiction",8.393,9.758519582283522,22.208,"Shameik Moore, Jake Johnson, Hailee Steinfeld, Mahershala Ali, Brian Tyree Henry","Bob Persichetti, Peter Ramsey, Rodney Rothman","Phil Lord, Christopher Miller, Avi Arad",Daniel Pemberton,"superhero, based on comic, aftercreditsstinger, alternate universe",United States of America,"English, Japanese, Spanish",0.0,0.0,Released,Enter a universe where more than one wears the mask.,19.794102948189686,18.31532023940565,19.063803882178206,"Title: Spider-Man: Into the Spider-Verse
Year: 2018
Universe: Sony / Spider-Man
MCU Phase: Non-MCU
Type: movie
Rated: PG
Runtime: 117 minutes
Genre: Animation, Action, Adventure
Director: Bob Persichetti, Peter Ramsey, Rodney Rothman
Writer: Phil Lord, Rodney Rothman
Cast: Shameik Moore, Jake Johnson, Hailee Steinfeld
Top 5 Cast: Shameik Moore, Jake Johnson, Hailee Steinfeld, Mahershala Ali, Brian Tyree Henry
Plot: Teen Miles Morales becomes the Spider-Man of his universe and must join with five spider-powered individuals from other dimensions to stop a threat for all realities.
Tagline: Enter a universe where more than one wears the mask.
Keywords: superhero, based on comic, aftercreditsstinger, alternate universe
IMDb Rating: 8.4
Rotten Tomatoes: 97%
Metacritic: 87/100
TMDB Rating: 8.393
Box Office: 190241310
Budget: 90000000
Revenue: 394884133
Awards: Won 1 Oscar. 85 wins & 60 nominations total
Collection: Spider-Man: Spider-Verse Collection
Country: Canada, United States
Language: English, Spanish",15.0,Shameik Moore,8.4,8.7,9.7,8.393
104,The Punisher (Season 2),2019,Unknown,Unknown,117.0,Unknown,Unknown,Unknown,Unknown,Unknown,Unknown,Unknown,Unknown,6.75,12.664111228245407,76.0,64.0,Non-MCU,Netflix Marvel,2010s,6,0,0,0,Unknown,6.745,8.745921121024347,8.1973,Unknown,Unknown,Unknown,Unknown,Unknown,Unknown,Unknown,0.0,0.0,Unknown,Unknown,19.70742255161285,18.603002309079653,19.193787894917058,"Title: The Punisher (Season 2)
Year: 2019
Universe: Netflix Marvel
MCU Phase: Non-MCU
Type: N/A
Rated: nan
Runtime: nan minutes
Genre: nan
Director: nan
Writer: nan
Cast: nan
Top 5 Cast: nan
Plot: nan
Tagline: nan
Keywords: nan
IMDb Rating: nan
Rotten Tomatoes: nan
Metacritic: nan
TMDB Rating: nan
Box Office: nan
Budget: nan
Revenue: nan
Awards: nan
Collection: nan
Country: nan
Language: nan",0.0,Unknown,6.564705882352942,6.004166666666666,6.603846153846154,6.554427350427351
105,Captain Marvel,2019,movie,PG-13,123.0,"Action, Adventure, Sci-Fi","Anna Boden, Ryan Fleck","Anna Boden, Ryan Fleck, Geneva Robertson-Dworet","Brie Larson, Samuel L. Jackson, Ben Mendelsohn",Carol Danvers becomes one of the universe's most powerful heroes when Earth is caught in the middle of a galactic war between two alien races.,English,"United States, Australia",10 wins & 57 nominations total,6.7,13.39703923454058,79.0,64.0,Phase 3,MCU,2010s,6,0,0,1,"Action, Adventure, Science Fiction",6.781,9.7277641797704,9.8738,"Brie Larson, Samuel L. Jackson, Ben Mendelsohn, Jude Law, Annette Bening","Ryan Fleck, Anna Boden",Kevin Feige,Pinar Toprak,"superhero, based on comic, alien, female protagonist, alien invasion, super power, female hero, aftercreditsstinger, duringcreditsstinger, marvel cinematic universe (mcu)",United States of America,English,0.0,0.0,Released,Higher. Further. Faster.,20.846736177624663,18.839391085389497,19.871895990599246,"Title: Captain Marvel
Year: 2019
Universe: MCU
MCU Phase: Phase 3
Type: movie
Rated: PG-13
Runtime: 123 minutes
Genre: Action, Adventure, Sci-Fi
Director: Anna Boden, Ryan Fleck
Writer: Anna Boden, Ryan Fleck, Geneva Robertson-Dworet
Cast: Brie Larson, Samuel L. Jackson, Ben Mendelsohn
Top 5 Cast: Brie Larson, Samuel L. Jackson, Ben Mendelsohn, Jude Law, Annette Bening
Plot: Carol Danvers becomes one of the universe's most powerful heroes when Earth is caught in the middle of a galactic war between two alien races.
Tagline: Higher. Further. Faster.
Keywords: superhero, based on comic, alien, female protagonist, alien invasion, super power, female hero, aftercreditsstinger, duringcreditsstinger, marvel cinematic universe (mcu)
IMDb Rating: 6.7
Rotten Tomatoes: 79%
Metacritic: 64/100
TMDB Rating: 6.781
Box Office: 426829839
Budget: 152000000
Revenue: 1131416446
Awards: 10 wins & 57 nominations total
Collection: Captain Marvel Collection
Country: United States, Australia
Language: English",15.0,Brie Larson,6.7,6.4,7.9,6.781
106,Cloak & Dagger (Season 2),2019,Unknown,Unknown,117.0,Unknown,Unknown,Unknown,Unknown,Unknown,Unknown,Unknown,Unknown,6.75,12.664111228245407,76.0,64.0,Non-MCU,MCU,2010s,6,0,0,1,Unknown,6.745,8.745921121024347,8.1973,Unknown,Unknown,Unknown,Unknown,Unknown,Unknown,Unknown,0.0,0.0,Unknown,Unknown,19.70742255161285,18.603002309079653,19.193787894917058,"Title: Cloak & Dagger (Season 2)
Year: 2019
Universe: MCU
MCU Phase: Non-MCU
Type: N/A
Rated: nan
Runtime: nan minutes
Genre: nan
Director: nan
Writer: nan
Cast: nan
Top 5 Cast: nan
Plot: nan
Tagline: nan
Keywords: nan
IMDb Rating: nan
Rotten Tomatoes: nan
Metacritic: nan
TMDB Rating: nan
Box Office: nan
Budget: nan
Revenue: nan
Awards: nan
Collection: nan
Country: nan
Language: nan",0.0,Unknown,6.564705882352942,6.004166666666666,6.603846153846154,6.554427350427351
107,Avengers: Endgame,2019,movie,PG-13,181.0,"Action, Adventure, Sci-Fi","Anthony Russo, Joe Russo","Christopher Markus, Stephen McFeely, Stan Lee","Robert Downey Jr., Chris Evans, Mark Ruffalo","After the devastating events of Avengers: Infinity War (2018), the universe is in ruins. With the help of remaining allies, the Avengers assemble once more in order to reverse Thanos' actions and restore balance to the universe.","English, Japanese, Xhosa, German",United States,Nominated for 1 Oscar. 71 wins & 132 nominations total,8.4,14.181851534921632,94.0,78.0,Phase 3,MCU,2010s,6,0,0,1,"Adventure, Science Fiction, Action",8.238,10.234911352935114,36.091,"Robert Downey Jr., Chris Evans, Mark Ruffalo, Chris Hemsworth, Scarlett Johansson","Joe Russo, Anthony Russo",Kevin Feige,Alan Silvestri,"superhero, time travel, space travel, time machine, based on comic, sequel, alien invasion, superhero team, marvel cinematic universe (mcu), alternate timeline",United States of America,"English, Japanese, Xhosa",0.0,0.0,Released,Avenge the fallen.,21.752684912989196,19.690441291625294,20.570549296083414,"Title: Avengers: Endgame
Year: 2019
Universe: MCU
MCU Phase: Phase 3
Type: movie
Rated: PG-13
Runtime: 181 minutes
Genre: Action, Adventure, Sci-Fi
Director: Anthony Russo, Joe Russo
Writer: Christopher Markus, Stephen McFeely, Stan Lee
Cast: Robert Downey Jr., Chris Evans, Mark Ruffalo
Top 5 Cast: Robert Downey Jr., Chris Evans, Mark Ruffalo, Chris Hemsworth, Scarlett Johansson
Plot: After the devastating events of Avengers: Infinity War (2018), the universe is in ruins. With the help of remaining allies, the Avengers assemble once more in order to reverse Thanos' actions and restore balance to the universe.
Tagline: Avenge the fallen.
Keywords: superhero, time travel, space travel, time machine, based on comic, sequel, alien invasion, superhero team, marvel cinematic universe (mcu), alternate timeline
IMDb Rating: 8.4
Rotten Tomatoes: 94%
Metacritic: 78/100
TMDB Rating: 8.238
Box Office: 858373000
Budget: 356000000
Revenue: 2799439100
Awards: Nominated for 1 Oscar. 71 wins & 132 nominations total
Collection: The Avengers Collection
Country: United States
Language: English, Japanese, Xhosa, German",15.0,Robert Downey Jr.,8.4,7.800000000000001,9.4,8.238
108,Jessica Jones (Season 3),2019,Unknown,Unknown,117.0,Unknown,Unknown,Unknown,Unknown,Unknown,Unknown,Unknown,Unknown,6.75,12.664111228245407,76.0,64.0,Non-MCU,Netflix Marvel,2010s,6,0,0,0,Unknown,6.745,8.745921121024347,8.1973,Unknown,Unknown,Unknown,Unknown,Unknown,Unknown,Unknown,0.0,0.0,Unknown,Unknown,19.70742255161285,18.603002309079653,19.193787894917058,"Title: Jessica Jones (Season 3)
Year: 2019
Universe: Netflix Marvel
MCU Phase: Non-MCU
Type: N/A
Rated: nan
Runtime: nan minutes
Genre: nan
Director: nan
Writer: nan
Cast: nan
Top 5 Cast: nan
Plot: nan
Tagline: nan
Keywords: nan
IMDb Rating: nan
Rotten Tomatoes: nan
Metacritic: nan
TMDB Rating: nan
Box Office: nan
Budget: nan
Revenue: nan
Awards: nan
Collection: nan
Country: nan
Language: nan",0.0,Unknown,6.564705882352942,6.004166666666666,6.603846153846154,6.554427350427351
109,Dark Phoenix,2019,movie,PG-13,113.0,"Action, Adventure, Sci-Fi",Simon Kinberg,Simon Kinberg,"James McAvoy, Michael Fassbender, Jennifer Lawrence","Jean Grey begins to develop incredible powers that corrupt and turn her into a Dark Phoenix, causing the X-Men to have to decide if her life is worth more than all of humanity.","English, French",United States,14 nominations total,5.7,12.334602174666099,22.0,43.0,Non-MCU,Fox / X-Men,2010s,6,0,0,0,"Science Fiction, Action, Adventure",5.967,8.866863661202087,7.1294,"Sophie Turner, James McAvoy, Nicholas Hoult, Tye Sheridan, Michael Fassbender",Simon Kinberg,"Lauren Shuler Donner, Simon Kinberg, Hutch Parker",Hans Zimmer,"superhero, mutant, telekinesis, based on comic, sequel, prequel, superhero team, hostile, 1990s, cosmic",United States of America,"Russian, English, Portuguese",0.0,0.0,Released,A Phoenix will rise. The X-Men will fall.,19.34669593958948,19.11382792951231,18.002828860519294,"Title: Dark Phoenix
Year: 2019
Universe: Fox / X-Men
MCU Phase: Non-MCU
Type: movie
Rated: PG-13
Runtime: 113 minutes
Genre: Action, Adventure, Sci-Fi
Director: Simon Kinberg
Writer: Simon Kinberg
Cast: James McAvoy, Michael Fassbender, Jennifer Lawrence
Top 5 Cast: Sophie Turner, James McAvoy, Nicholas Hoult, Tye Sheridan, Michael Fassbender
Plot: Jean Grey begins to develop incredible powers that corrupt and turn her into a Dark Phoenix, causing the X-Men to have to decide if her life is worth more than all of humanity.
Tagline: A Phoenix will rise. The X-Men will fall.
Keywords: superhero, mutant, telekinesis, based on comic, sequel, prequel, superhero team, hostile, 1990s, cosmic
IMDb Rating: 5.7
Rotten Tomatoes: 22%
Metacritic: 43/100
TMDB Rating: 5.967
Box Office: 65845974
Budget: 200000000
Revenue: 252442974
Awards: 14 nominations total
Collection: X-Men Collection
Country: United States
Language: English, French",15.0,Sophie Turner,5.7,4.3,2.2,5.967
110,Legion (Season 3),2019,Unknown,Unknown,117.0,Unknown,Unknown,Unknown,Unknown,Unknown,Unknown,Unknown,Unknown,6.75,12.664111228245407,76.0,64.0,Non-MCU,Fox / X-Men,2010s,6,0,0,0,Unknown,6.745,8.745921121024347,8.1973,Unknown,Unknown,Unknown,Unknown,Unknown,Unknown,Unknown,0.0,0.0,Unknown,Unknown,19.70742255161285,18.603002309079653,19.193787894917058,"Title: Legion (Season 3)
Year: 2019
Universe: Fox / X-Men
MCU Phase: Non-MCU
Type: N/A
Rated: nan
Runtime: nan minutes
Genre: nan
Director: nan
Writer: nan
Cast: nan
Top 5 Cast: nan
Plot: nan
Tagline: nan
Keywords: nan
IMDb Rating: nan
Rotten Tomatoes: nan
Metacritic: nan
TMDB Rating: nan
Box Office: nan
Budget: nan
Revenue: nan
Awards: nan
Collection: nan
Country: nan
Language: nan",0.0,Unknown,6.564705882352942,6.004166666666666,6.603846153846154,6.554427350427351
111,Spider-Man: Far From Home,2019,movie,PG-13,129.0,"Action, Adventure, Comedy",Jon Watts,"Chris McKenna, Erik Sommers, Stan Lee","Tom Holland, Samuel L. Jackson, Jake Gyllenhaal","Peter Parker, the beloved superhero Spider-Man, faces four destructive elemental monsters while on holiday in Europe. Soon, he receives help from Mysterio, a fellow hero with mysterious origins.","English, Italian, Czech","United States, Czech Republic, Australia, Canada, Italy",11 wins & 26 nominations total,7.3,13.365770626176122,91.0,69.0,Phase 3,MCU,2010s,6,0,0,1,"Action, Adventure, Science Fiction",7.395,9.74090979777877,20.7885,"Tom Holland, Jake Gyllenhaal, Samuel L. Jackson, Marisa Tomei, Jon Favreau",Jon Watts,"Kevin Feige, Amy Pascal",Michael Giacchino,"venice, italy, secret identity, superhero, school trip, europe, based on comic, sequel, travel, aftercreditsstinger, duringcreditsstinger",United States of America,"Czech, Dutch, English, German, Italian",0.0,0.0,Released,It's time to step up.,20.84789050583163,18.8906843794481,19.78494362197137,"Title: Spider-Man: Far From Home
Year: 2019
Universe: MCU
MCU Phase: Phase 3
Type: movie
Rated: PG-13
Runtime: 129 minutes
Genre: Action, Adventure, Comedy
Director: Jon Watts
Writer: Chris McKenna, Erik Sommers, Stan Lee
Cast: Tom Holland, Samuel L. Jackson, Jake Gyllenhaal
Top 5 Cast: Tom Holland, Jake Gyllenhaal, Samuel L. Jackson, Marisa Tomei, Jon Favreau
Plot: Peter Parker, the beloved superhero Spider-Man, faces four destructive elemental monsters while on holiday in Europe. Soon, he receives help from Mysterio, a fellow hero with mysterious origins.
Tagline: It's time to step up.
Keywords: venice, italy, secret identity, superhero, school trip, europe, based on comic, sequel, travel, aftercreditsstinger, duringcreditsstinger
IMDb Rating: 7.3
Rotten Tomatoes: 91%
Metacritic: 69/100
TMDB Rating: 7.395
Box Office: 391283774
Budget: 160000000
Revenue: 1132723226
Awards: 11 wins & 26 nominations total
Collection: Spider-Man (MCU) Collection
Country: United States, Czech Republic, Australia, Canada, Italy
Language: English, Italian, Czech",15.0,Tom Holland,7.3,6.8999999999999995,9.1,7.395
112,Runaways (Season 3),2019,Unknown,Unknown,117.0,Unknown,Unknown,Unknown,Unknown,Unknown,Unknown,Unknown,Unknown,6.75,12.664111228245407,76.0,64.0,Non-MCU,MCU,2010s,6,0,0,1,Unknown,6.745,8.745921121024347,8.1973,Unknown,Unknown,Unknown,Unknown,Unknown,Unknown,Unknown,0.0,0.0,Unknown,Unknown,19.70742255161285,18.603002309079653,19.193787894917058,"Title: Runaways (Season 3)
Year: 2019
Universe: MCU
MCU Phase: Non-MCU
Type: N/A
Rated: nan
Runtime: nan minutes
Genre: nan
Director: nan
Writer: nan
Cast: nan
Top 5 Cast: nan
Plot: nan
Tagline: nan
Keywords: nan
IMDb Rating: nan
Rotten Tomatoes: nan
Metacritic: nan
TMDB Rating: nan
Box Office: nan
Budget: nan
Revenue: nan
Awards: nan
Collection: nan
Country: nan
Language: nan",0.0,Unknown,6.564705882352942,6.004166666666666,6.603846153846154,6.554427350427351
113,Helstrom (Season 1),2020,Unknown,Unknown,117.0,Unknown,Unknown,Unknown,Unknown,Unknown,Unknown,Unknown,Unknown,6.75,12.664111228245407,76.0,64.0,Non-MCU,MCU,2020s,5,0,0,1,Unknown,6.745,8.745921121024347,8.1973,Unknown,Unknown,Unknown,Unknown,Unknown,Unknown,Unknown,0.0,0.0,Unknown,Unknown,19.70742255161285,18.603002309079653,19.193787894917058,"Title: Helstrom (Season 1)
Year: 2020
Universe: MCU
MCU Phase: Non-MCU
Type: N/A
Rated: nan
Runtime: nan minutes
Genre: nan
Director: nan
Writer: nan
Cast: nan
Top 5 Cast: nan
Plot: nan
Tagline: nan
Keywords: nan
IMDb Rating: nan
Rotten Tomatoes: nan
Metacritic: nan
TMDB Rating: nan
Box Office: nan
Budget: nan
Revenue: nan
Awards: nan
Collection: nan
Country: nan
Language: nan",0.0,Unknown,6.564705882352942,6.004166666666666,6.603846153846154,6.554427350427351
114,The New Mutants,2020,movie,PG-13,94.0,"Action, Horror, Mystery",Josh Boone,"Josh Boone, Knate Lee","Maisie Williams, Anya Taylor-Joy, Charlie Heaton","Five young mutants, just discovering their abilities while held in a secret facility against their will, fight to escape their past sins and save themselves.","English, Portuguese, Latin",United States,4 nominations total,5.3,11.510342131034625,36.0,43.0,Non-MCU,Fox / X-Men,2020s,5,0,0,0,"Science Fiction, Horror",6.1,8.223090551161533,4.1439,"Blu Hunt, Charlie Heaton, Maisie Williams, Henry Zaga, Anya Taylor-Joy",Josh Boone,"Lauren Shuler Donner, Simon Kinberg, Karen Rosenfelt",Mark Snow,"superhero, mutant, based on comic, superhero team, captivity, psychological drama, suspenseful, tense, audacious",United States of America,"Latin, English, Portuguese",0.0,0.0,Released,There is something new to fear.,17.710786002624488,18.020203192280615,16.987406299477893,"Title: The New Mutants
Year: 2020
Universe: Fox / X-Men
MCU Phase: Non-MCU
Type: movie
Rated: PG-13
Runtime: 94 minutes
Genre: Action, Horror, Mystery
Director: Josh Boone
Writer: Josh Boone, Knate Lee
Cast: Maisie Williams, Anya Taylor-Joy, Charlie Heaton
Top 5 Cast: Blu Hunt, Charlie Heaton, Maisie Williams, Henry Zaga, Anya Taylor-Joy
Plot: Five young mutants, just discovering their abilities while held in a secret facility against their will, fight to escape their past sins and save themselves.
Tagline: There is something new to fear.
Keywords: superhero, mutant, based on comic, superhero team, captivity, psychological drama, suspenseful, tense, audacious
IMDb Rating: 5.3
Rotten Tomatoes: 36%
Metacritic: 43/100
TMDB Rating: 6.1
Box Office: 23852659
Budget: 67000000
Revenue: 49169594
Awards: 4 nominations total
Collection: X-Anthology
Country: United States
Language: English, Portuguese, Latin",15.0,Blu Hunt,5.3,4.3,3.6,6.1
115,Agents of S.H.I.E.L.D. (Season 7),2020,Unknown,Unknown,117.0,Unknown,Unknown,Unknown,Unknown,Unknown,Unknown,Unknown,Unknown,6.75,12.664111228245407,76.0,64.0,Non-MCU,MCU,2020s,5,0,0,1,Unknown,6.745,8.745921121024347,8.1973,Unknown,Unknown,Unknown,Unknown,Unknown,Unknown,Unknown,0.0,0.0,Unknown,Unknown,19.70742255161285,18.603002309079653,19.193787894917058,"Title: Agents of S.H.I.E.L.D. (Season 7)
Year: 2020
Universe: MCU
MCU Phase: Non-MCU
Type: N/A
Rated: nan
Runtime: nan minutes
Genre: nan
Director: nan
Writer: nan
Cast: nan
Top 5 Cast: nan
Plot: nan
Tagline: nan
Keywords: nan
IMDb Rating: nan
Rotten Tomatoes: nan
Metacritic: nan
TMDB Rating: nan
Box Office: nan
Budget: nan
Revenue: nan
Awards: nan
Collection: nan
Country: nan
Language: nan",0.0,Unknown,6.564705882352942,6.004166666666666,6.603846153846154,6.554427350427351
116,WandaVision,2021,movie,Unknown,24.0,Talk-Show,Unknown,Unknown,"Paul Bettany, Faith D'Isa, Kevin Feige",Tune in for a virtual launch event featuring the cast of WandaVision.,English,United States,Unknown,6.75,2.4849066497880004,76.0,64.0,Phase 4,MCU,2020s,4,0,0,1,"Sci-Fi & Fantasy, Mystery, Drama",8.189,9.448884719866415,15.2635,"Elizabeth Olsen, Paul Bettany, Kathryn Hahn, Teyonah Parris, Randall Park",Unknown,Chuck Hayward,Christophe Beck,"artificial intelligence (a.i.), witch, loss of loved one, sorcery, supernatural, superhero, based on comic, grief, suburbia, miniseries",United States of America,English,9.0,1.0,Ended,Experience a new vision of reality.,19.70742255161285,18.603002309079653,19.193787894917058,"Title: WandaVision
Year: 2021
Universe: MCU
MCU Phase: Phase 4
Type: movie
Rated: N/A
Runtime: 24 minutes
Genre: Talk-Show
Director: N/A
Writer: N/A
Cast: Paul Bettany, Faith D'Isa, Kevin Feige
Top 5 Cast: Elizabeth Olsen, Paul Bettany, Kathryn Hahn, Teyonah Parris, Randall Park
Plot: Tune in for a virtual launch event featuring the cast of WandaVision.
Tagline: Experience a new vision of reality.
Keywords: artificial intelligence (a.i.), witch, loss of loved one, sorcery, supernatural, superhero, based on comic, grief, suburbia, miniseries
IMDb Rating: N/A
Rotten Tomatoes: None
Metacritic: None
TMDB Rating: 8.189
Box Office: N/A
Budget: N/A
Revenue: N/A
Awards: N/A
Collection: N/A
Country: United States
Language: English",6.0,Elizabeth Olsen,6.564705882352942,6.004166666666666,6.603846153846154,8.189
117,The Falcon and the Winter Soldier,2021,movie,Unknown,117.0,"Animation, Short, Drama",Mario Durán Araujo,Mario Durán Araujo,"Marcus Arnold, Winter Foenander, Derik Hendrickson","The Falcon arrives at the afterlife and meets the Winter Soldier and Sharon Carter; meanwhile, Bruce Banner and Hulk must reach a deal if they want to survive.",English,Mexico,Unknown,6.75,3.2188758248682006,76.0,64.0,Phase 4,MCU,2020s,4,0,0,1,"Action & Adventure, Sci-Fi & Fantasy",7.597,9.092007185014317,11.8882,"Anthony Mackie, Sebastian Stan, Wyatt Russell, Erin Kellyman, Daniel Brühl",Unknown,"Dawn Kamoche, Ariella Blejer",Henry Jackman,"forgiveness, superhero, based on comic, political incompetence, miniseries, spin off, displacement, displacement camp, ex soldier, based on movie",United States of America,English,6.0,1.0,Ended,Honor the shield.,19.70742255161285,18.603002309079653,19.193787894917058,"Title: The Falcon and the Winter Soldier
Year: 2021
Universe: MCU
MCU Phase: Phase 4
Type: movie
Rated: N/A
Runtime: 7 minutes
Genre: Animation, Short, Drama
Director: Mario Durán Araujo
Writer: Mario Durán Araujo
Cast: Marcus Arnold, Winter Foenander, Derik Hendrickson
Top 5 Cast: Anthony Mackie, Sebastian Stan, Wyatt Russell, Erin Kellyman, Daniel Brühl
Plot: The Falcon arrives at the afterlife and meets the Winter Soldier and Sharon Carter; meanwhile, Bruce Banner and Hulk must reach a deal if they want to survive.
Tagline: Honor the shield.
Keywords: forgiveness, superhero, based on comic, political incompetence, miniseries, spin off, displacement, displacement camp, ex soldier, based on movie
IMDb Rating: N/A
Rotten Tomatoes: None
Metacritic: None
TMDB Rating: 7.597
Box Office: N/A
Budget: N/A
Revenue: N/A
Awards: N/A
Collection: N/A
Country: Mexico
Language: English",8.0,Anthony Mackie,6.564705882352942,6.004166666666666,6.603846153846154,7.597
118,Loki (Season 1),2021,Unknown,Unknown,117.0,Unknown,Unknown,Unknown,Unknown,Unknown,Unknown,Unknown,Unknown,6.75,12.664111228245407,76.0,64.0,Phase 4,MCU,2020s,4,0,0,1,Unknown,6.745,8.745921121024347,8.1973,Unknown,Unknown,Unknown,Unknown,Unknown,Unknown,Unknown,0.0,0.0,Unknown,Unknown,19.70742255161285,18.603002309079653,19.193787894917058,"Title: Loki (Season 1)
Year: 2021
Universe: MCU
MCU Phase: Phase 4
Type: N/A
Rated: nan
Runtime: nan minutes
Genre: nan
Director: nan
Writer: nan
Cast: nan
Top 5 Cast: nan
Plot: nan
Tagline: nan
Keywords: nan
IMDb Rating: nan
Rotten Tomatoes: nan
Metacritic: nan
TMDB Rating: nan
Box Office: nan
Budget: nan
Revenue: nan
Awards: nan
Collection: nan
Country: nan
Language: nan",0.0,Unknown,6.564705882352942,6.004166666666666,6.603846153846154,6.554427350427351
119,Black Widow,2021,movie,PG-13,134.0,"Action, Adventure, Sci-Fi",Cate Shortland,"Eric Pearson, Jac Schaeffer, Ned Benson","Scarlett Johansson, Florence Pugh, David Harbour",Natasha Romanoff confronts the darker parts of her ledger when a dangerous conspiracy with ties to her past arises.,"English, Russian, Norwegian, Hungarian, Macedonian, Finnish",United States,14 wins & 37 nominations total,6.6,13.07442235261399,79.0,68.0,Phase 4,MCU,2020s,4,0,0,1,"Action, Adventure, Science Fiction",7.168,9.329899607033822,12.2249,"Scarlett Johansson, Florence Pugh, Rachel Weisz, David Harbour, Ray Winstone",Cate Shortland,Kevin Feige,Lorne Balfe,"assassin, hero, spy, kgb, based on comic, female assassin, female spy, female hero, aftercreditsstinger, marvel cinematic universe (mcu)",United States of America,"English, Russian",0.0,0.0,Released,Her world. Her secrets. Her legacy.,19.755026680344205,19.11382792951231,19.028551347341487,"Title: Black Widow
Year: 2021
Universe: MCU
MCU Phase: Phase 4
Type: movie
Rated: PG-13
Runtime: 134 minutes
Genre: Action, Adventure, Sci-Fi
Director: Cate Shortland
Writer: Eric Pearson, Jac Schaeffer, Ned Benson
Cast: Scarlett Johansson, Florence Pugh, David Harbour
Top 5 Cast: Scarlett Johansson, Florence Pugh, Rachel Weisz, David Harbour, Ray Winstone
Plot: Natasha Romanoff confronts the darker parts of her ledger when a dangerous conspiracy with ties to her past arises.
Tagline: Her world. Her secrets. Her legacy.
Keywords: assassin, hero, spy, kgb, based on comic, female assassin, female spy, female hero, aftercreditsstinger, marvel cinematic universe (mcu)
IMDb Rating: 6.6
Rotten Tomatoes: 79%
Metacritic: 68/100
TMDB Rating: 7.168
Box Office: 183651655
Budget: 200000000
Revenue: 379751131
Awards: 14 wins & 37 nominations total
Collection: N/A
Country: United States
Language: English, Russian, Norwegian, Hungarian, Macedonian, Finnish",15.0,Scarlett Johansson,6.6,6.800000000000001,7.9,7.168
120,What If...? (Season 1) (animated),2021,Unknown,Unknown,117.0,Unknown,Unknown,Unknown,Unknown,Unknown,Unknown,Unknown,Unknown,6.75,12.664111228245407,76.0,64.0,Phase 4,MCU,2020s,4,1,0,1,Unknown,6.745,8.745921121024347,8.1973,Unknown,Unknown,Unknown,Unknown,Unknown,Unknown,Unknown,0.0,0.0,Unknown,Unknown,19.70742255161285,18.603002309079653,19.193787894917058,"Title: What If...? (Season 1) (animated)
Year: 2021
Universe: MCU
MCU Phase: Phase 4
Type: N/A
Rated: nan
Runtime: nan minutes
Genre: nan
Director: nan
Writer: nan
Cast: nan
Top 5 Cast: nan
Plot: nan
Tagline: nan
Keywords: nan
IMDb Rating: nan
Rotten Tomatoes: nan
Metacritic: nan
TMDB Rating: nan
Box Office: nan
Budget: nan
Revenue: nan
Awards: nan
Collection: nan
Country: nan
Language: nan",0.0,Unknown,6.564705882352942,6.004166666666666,6.603846153846154,6.554427350427351
121,Shang-Chi and the Legend of the Ten Rings,2021,movie,PG-13,132.0,"Action, Adventure, Fantasy",Destin Daniel Cretton,"Dave Callaham, Destin Daniel Cretton, Andrew Lanham","Simu Liu, Awkwafina, Tony Leung Chiu-wai","Shang-Chi, the master of weaponry-based Kung Fu, is forced to confront his past after being drawn into the Ten Rings organization.","English, Mandarin",United States,Nominated for 1 Oscar. 19 wins & 72 nominations total,7.3,13.095635344751262,92.0,71.0,Phase 4,MCU,2020s,4,0,0,1,"Action, Adventure, Fantasy",7.495,9.251002353695073,10.7028,"Simu Liu, Tony Leung Chiu-wai, Awkwafina, Ben Kingsley, Zhang Meng'er",Destin Daniel Cretton,"Jonathan Schwartz, Kevin Feige",Joel P. West,"martial arts, superhero, based on comic, mixed martial arts (mma), east asian lead, aftercreditsstinger, duringcreditsstinger, marvel cinematic universe (mcu), father son relationship",United States of America,"English, Mandarin",0.0,0.0,Released,You can't outrun your destiny.,19.884499165923774,18.826145858727198,19.229579088425805,"Title: Shang-Chi and the Legend of the Ten Rings
Year: 2021
Universe: MCU
MCU Phase: Phase 4
Type: movie
Rated: PG-13
Runtime: 132 minutes
Genre: Action, Adventure, Fantasy
Director: Destin Daniel Cretton
Writer: Dave Callaham, Destin Daniel Cretton, Andrew Lanham
Cast: Simu Liu, Awkwafina, Tony Leung Chiu-wai
Top 5 Cast: Simu Liu, Tony Leung Chiu-wai, Awkwafina, Ben Kingsley, Zhang Meng'er
Plot: Shang-Chi, the master of weaponry-based Kung Fu, is forced to confront his past after being drawn into the Ten Rings organization.
Tagline: You can't outrun your destiny.
Keywords: martial arts, superhero, based on comic, mixed martial arts (mma), east asian lead, aftercreditsstinger, duringcreditsstinger, marvel cinematic universe (mcu), father son relationship
IMDb Rating: 7.3
Rotten Tomatoes: 92%
Metacritic: 71/100
TMDB Rating: 7.495
Box Office: 224543292
Budget: 150000000
Revenue: 432243292
Awards: Nominated for 1 Oscar. 19 wins & 72 nominations total
Collection: N/A
Country: United States
Language: English, Mandarin",15.0,Simu Liu,7.3,7.1,9.2,7.495
122,Venom: Let There Be Carnage,2021,movie,PG-13,97.0,"Animation, Action, Adventure",Andy Serkis,"Kelly Marcel, Tom Hardy","Tom Hardy, Woody Harrelson, Michelle Williams","Eddie Brock attempts to reignite his career by interviewing serial killer Cletus Kasady, who becomes the host of the symbiote Carnage and escapes prison after a failed execution.","English, Spanish, Mandarin, Japanese","United States, Canada, United Kingdom",1 win & 6 nominations total,5.9,12.626547869423499,58.0,49.0,Non-MCU,Sony / Spider-Man,2020s,4,0,0,0,"Science Fiction, Action, Adventure",6.745,9.323222529032856,6.8669,"Tom Hardy, Woody Harrelson, Michelle Williams, Naomie Harris, Reid Scott",Andy Serkis,"Kelly Marcel, Tom Hardy, Avi Arad",Marco Beltrami,"hero, psychopath, superhero, anti hero, villain, alien life-form, based on comic, sequel, fear, aftercreditsstinger",United States of America,"Spanish, English",0.0,0.0,Released,You are what you eat.,20.04375247801845,18.5159909328476,19.179383273817354,"Title: Venom: Let There Be Carnage
Year: 2021
Universe: Sony / Spider-Man
MCU Phase: Non-MCU
Type: movie
Rated: PG-13
Runtime: 97 minutes
Genre: Animation, Action, Adventure
Director: Andy Serkis
Writer: Kelly Marcel, Tom Hardy
Cast: Tom Hardy, Woody Harrelson, Michelle Williams
Top 5 Cast: Tom Hardy, Woody Harrelson, Michelle Williams, Naomie Harris, Reid Scott
Plot: Eddie Brock attempts to reignite his career by interviewing serial killer Cletus Kasady, who becomes the host of the symbiote Carnage and escapes prison after a failed execution.
Tagline: You are what you eat.
Keywords: hero, psychopath, superhero, anti hero, villain, alien life-form, based on comic, sequel, fear, aftercreditsstinger
IMDb Rating: 5.9
Rotten Tomatoes: 58%
Metacritic: 49/100
TMDB Rating: 6.745
Box Office: 213550366
Budget: 110000000
Revenue: 506863592
Awards: 1 win & 6 nominations total
Collection: Venom Collection
Country: United States, Canada, United Kingdom
Language: English, Spanish, Mandarin, Japanese",15.0,Tom Hardy,5.9,4.9,5.8,6.745
123,Hawkeye,2021,movie,Unknown,117.0,Musical,Fon Davis,Unknown,Unknown,Unknown,English,United States,Unknown,6.75,12.664111228245407,76.0,64.0,Phase 4,MCU,2020s,4,0,0,1,"Drama, Comedy, Action & Adventure",7.789,8.220133957151859,16.8437,"Jeremy Renner, Hailee Steinfeld, Tony Dalton, Alaqua Cox, Fra Fee",Unknown,Unknown,"Christophe Beck, Michael Paraskevas","holiday, new york city, crime fighter, superhero, based on comic, miniseries, buddy comedy, marvel cinematic universe (mcu), sign languages, christmas",United States of America,English,6.0,1.0,Ended,"This holiday season, the best gifts come with a bow.",19.70742255161285,18.603002309079653,19.193787894917058,"Title: Hawkeye
Year: 2021
Universe: MCU
MCU Phase: Phase 4
Type: movie
Rated: N/A
Runtime: N/A minutes
Genre: Musical
Director: Fon Davis
Writer: N/A
Cast: N/A
Top 5 Cast: Jeremy Renner, Hailee Steinfeld, Tony Dalton, Alaqua Cox, Fra Fee
Plot: N/A
Tagline: This holiday season, the best gifts come with a bow.
Keywords: holiday, new york city, crime fighter, superhero, based on comic, miniseries, buddy comedy, marvel cinematic universe (mcu), sign languages, christmas
IMDb Rating: N/A
Rotten Tomatoes: None
Metacritic: None
TMDB Rating: 7.789
Box Office: N/A
Budget: N/A
Revenue: N/A
Awards: N/A
Collection: N/A
Country: United States
Language: English",8.0,Jeremy Renner,6.564705882352942,6.004166666666666,6.603846153846154,7.789
124,Eternals,2021,movie,PG-13,156.0,"Action, Adventure, Fantasy",Chloé Zhao,"Chloé Zhao, Patrick Burleigh, Ryan Firpo","Gemma Chan, Richard Madden, Angelina Jolie","The saga of the Eternals, a race of immortal beings who lived on Earth and shaped its history and civilizations.","English, American Sign , Marathi, Assyrian Neo-Aramaic, Spanish, Sumerian, Latin, Sanskrit, Greek, Ancient (to 1453), Arabic",United States,7 wins & 18 nominations total,6.2,12.95617891451052,47.0,52.0,Phase 4,MCU,2020s,4,0,0,1,"Science Fiction, Action, Adventure",6.8,9.124019665509655,9.1867,"Gemma Chan, Richard Madden, Angelina Jolie, Salma Hayek Pinault, Kumail Nanjiani",Chloé Zhao,"Nate Moore, Kevin Feige",Ramin Djawadi,"saving the world, superhero, supernatural, based on comic, alien, super power, lgbt, aftercreditsstinger, marvel cinematic universe (mcu), woman director",United States of America,"Arabic, English, Hindi, Latin, Spanish",0.0,0.0,Released,In the beginning...,19.81212407633888,19.11382792951231,18.920669267901786,"Title: Eternals
Year: 2021
Universe: MCU
MCU Phase: Phase 4
Type: movie
Rated: PG-13
Runtime: 156 minutes
Genre: Action, Adventure, Fantasy
Director: Chloé Zhao
Writer: Chloé Zhao, Patrick Burleigh, Ryan Firpo
Cast: Gemma Chan, Richard Madden, Angelina Jolie
Top 5 Cast: Gemma Chan, Richard Madden, Angelina Jolie, Salma Hayek Pinault, Kumail Nanjiani
Plot: The saga of the Eternals, a race of immortal beings who lived on Earth and shaped its history and civilizations.
Tagline: In the beginning...
Keywords: saving the world, superhero, supernatural, based on comic, alien, super power, lgbt, aftercreditsstinger, marvel cinematic universe (mcu), woman director
IMDb Rating: 6.2
Rotten Tomatoes: 47%
Metacritic: 52/100
TMDB Rating: 6.8
Box Office: 164870234
Budget: 200000000
Revenue: 402064899
Awards: 7 wins & 18 nominations total
Collection: N/A
Country: United States
Language: English, American Sign , Marathi, Assyrian Neo-Aramaic, Spanish, Sumerian, Latin, Sanskrit, Greek, Ancient (to 1453), Arabic",15.0,Gemma Chan,6.2,5.2,4.7,6.8
125,Spider-Man: No Way Home,2021,movie,PG-13,148.0,"Action, Adventure, Fantasy",Jon Watts,"Chris McKenna, Erik Sommers, Stan Lee","Tom Holland, Zendaya, Benedict Cumberbatch","With Spider-Man's identity now revealed, Peter asks Doctor Strange for help. When a spell goes wrong, dangerous foes from other worlds start to appear.","English, Tagalog",United States,Nominated for 1 Oscar. 35 wins & 72 nominations total,8.1,13.832902438607169,93.0,71.0,Phase 4,MCU,2020s,4,0,0,1,"Action, Adventure, Science Fiction",7.934,10.00192918784816,35.8522,"Tom Holland, Zendaya, Benedict Cumberbatch, Jacob Batalon, Jon Favreau",Jon Watts,"Amy Pascal, Kevin Feige",Michael Giacchino,"new york city, hero, showdown, magic, loss of loved one, secret identity, superhero, villain, portal, based on comic",United States of America,"English, Tagalog",0.0,0.0,Released,The Multiverse unleashed.,21.42597049248889,19.11382792951231,20.518535173177487,"Title: Spider-Man: No Way Home
Year: 2021
Universe: MCU
MCU Phase: Phase 4
Type: movie
Rated: PG-13
Runtime: 148 minutes
Genre: Action, Adventure, Fantasy
Director: Jon Watts
Writer: Chris McKenna, Erik Sommers, Stan Lee
Cast: Tom Holland, Zendaya, Benedict Cumberbatch
Top 5 Cast: Tom Holland, Zendaya, Benedict Cumberbatch, Jacob Batalon, Jon Favreau
Plot: With Spider-Man's identity now revealed, Peter asks Doctor Strange for help. When a spell goes wrong, dangerous foes from other worlds start to appear.
Tagline: The Multiverse unleashed.
Keywords: new york city, hero, showdown, magic, loss of loved one, secret identity, superhero, villain, portal, based on comic
IMDb Rating: 8.1
Rotten Tomatoes: 93%
Metacritic: 71/100
TMDB Rating: 7.934
Box Office: 814866759
Budget: 200000000
Revenue: 2019206586
Awards: Nominated for 1 Oscar. 35 wins & 72 nominations total
Collection: Spider-Man (MCU) Collection
Country: United States
Language: English, Tagalog",15.0,Tom Holland,8.1,7.1,9.3,7.934
126,Moon Knight,2022,movie,Unknown,117.0,Unknown,Unknown,Unknown,Unknown,Unknown,Unknown,Unknown,Unknown,6.75,12.664111228245407,76.0,64.0,Phase 4,MCU,2020s,3,0,0,1,Documentary,6.734,3.871201010907891,0.8359,"Kevin Feige, Brad Winderbaum, Grant Curtis, Mohamed Diab, Aaron Moorhead",Brad Baruh,Jason Hillhouse,Unknown,"behind the scenes, making of, marvel cinematic universe (mcu)",United States of America,"English, Spanish",0.0,0.0,Released,Unknown,19.70742255161285,18.603002309079653,19.193787894917058,"Title: Moon Knight
Year: 2022
Universe: MCU
MCU Phase: Phase 4
Type: movie
Rated: N/A
Runtime: N/A minutes
Genre: N/A
Director: N/A
Writer: N/A
Cast: N/A
Top 5 Cast: Kevin Feige, Brad Winderbaum, Grant Curtis, Mohamed Diab, Aaron Moorhead
Plot: N/A
Tagline: 
Keywords: behind the scenes, making of, marvel cinematic universe (mcu)
IMDb Rating: N/A
Rotten Tomatoes: None
Metacritic: None
TMDB Rating: 6.734
Box Office: N/A
Budget: 0
Revenue: 0
Awards: N/A
Collection: N/A
Country: N/A
Language: N/A",15.0,Kevin Feige,6.564705882352942,6.004166666666666,6.603846153846154,6.734
127,Morbius,2022,movie,PG-13,104.0,"Action, Adventure, Horror",Daniel Espinosa,"Matt Sazama, Burk Sharpless","Jared Leto, Matt Smith, Adria Arjona","Biochemist Michael Morbius tries to cure himself of a rare blood disease, but he inadvertently infects himself with a form of vampirism instead.","English, Spanish, Russian",United States,3 wins & 4 nominations total,5.1,12.054138673656093,15.0,35.0,Non-MCU,Sony / Spider-Man,2020s,3,0,0,0,"Action, Science Fiction, Fantasy",5.902,8.483636407887394,5.0202,"Jared Leto, Matt Smith, Adria Arjona, Jared Harris, Tyrese Gibson",Daniel Espinosa,"Matt Tolmach, Lucas Foster, Avi Arad",Jon Ekstrand,"vampire, superhero, based on comic, duringcreditsstinger, supervillain, frustrated",United States of America,"English, Greek, Norwegian, Spanish",0.0,0.0,Released,A new Marvel legend arrives.,18.937303808038468,18.132998684833918,18.117756849502367,"Title: Morbius
Year: 2022
Universe: Sony / Spider-Man
MCU Phase: Non-MCU
Type: movie
Rated: PG-13
Runtime: 104 minutes
Genre: Action, Adventure, Horror
Director: Daniel Espinosa
Writer: Matt Sazama, Burk Sharpless
Cast: Jared Leto, Matt Smith, Adria Arjona
Top 5 Cast: Jared Leto, Matt Smith, Adria Arjona, Jared Harris, Tyrese Gibson
Plot: Biochemist Michael Morbius tries to cure himself of a rare blood disease, but he inadvertently infects himself with a form of vampirism instead.
Tagline: A new Marvel legend arrives.
Keywords: vampire, superhero, based on comic, duringcreditsstinger, supervillain, frustrated
IMDb Rating: 5.1
Rotten Tomatoes: 15%
Metacritic: 35/100
TMDB Rating: 5.902
Box Office: 73865530
Budget: 75000000
Revenue: 167635712
Awards: 3 wins & 4 nominations total
Collection: N/A
Country: United States
Language: English, Spanish, Russian",15.0,Jared Leto,5.1,3.5,1.5,5.902
128,Doctor Strange in the Multiverse of Madness,2022,movie,PG-13,126.0,"Action, Adventure, Fantasy",Sam Raimi,"Michael Waldron, Stan Lee, Steve Ditko","Benedict Cumberbatch, Elizabeth Olsen, Chiwetel Ejiofor","Doctor Strange teams up with a mysterious teenage girl who can travel across multiverses, to battle other-universe versions of himself which threaten to wipe out the multiverse. They seek help from the Scarlet Witch, Wong and others.","English, Spanish, Chinese",United States,10 wins & 31 nominations total,6.9,13.205396685693751,73.0,60.0,Phase 4,MCU,2020s,3,0,0,1,"Fantasy, Action, Adventure",7.23,9.247347097605278,13.3677,"Benedict Cumberbatch, Xochitl Gomez, Elizabeth Olsen, Chiwetel Ejiofor, Benedict Wong",Sam Raimi,Kevin Feige,Danny Elfman,"magic, superhero, based on comic, alternative reality, aftercreditsstinger, duringcreditsstinger, marvel cinematic universe (mcu)",United States of America,"Cantonese, English, Spanish",0.0,0.0,Released,Enter a new dimension of Strange.,20.678033929914736,19.48539148439307,19.834910279263237,"Title: Doctor Strange in the Multiverse of Madness
Year: 2022
Universe: MCU
MCU Phase: Phase 4
Type: movie
Rated: PG-13
Runtime: 126 minutes
Genre: Action, Adventure, Fantasy
Director: Sam Raimi
Writer: Michael Waldron, Stan Lee, Steve Ditko
Cast: Benedict Cumberbatch, Elizabeth Olsen, Chiwetel Ejiofor
Top 5 Cast: Benedict Cumberbatch, Xochitl Gomez, Elizabeth Olsen, Chiwetel Ejiofor, Benedict Wong
Plot: Doctor Strange teams up with a mysterious teenage girl who can travel across multiverses, to battle other-universe versions of himself which threaten to wipe out the multiverse. They seek help from the Scarlet Witch, Wong and others.
Tagline: Enter a new dimension of Strange.
Keywords: magic, superhero, based on comic, alternative reality, aftercreditsstinger, duringcreditsstinger, marvel cinematic universe (mcu)
IMDb Rating: 6.9
Rotten Tomatoes: 73%
Metacritic: 60/100
TMDB Rating: 7.23
Box Office: 411331607
Budget: 290000000
Revenue: 955775804
Awards: 10 wins & 31 nominations total
Collection: Doctor Strange Collection
Country: United States
Language: English, Spanish, Chinese",15.0,Benedict Cumberbatch,6.9,6.0,7.3,7.23
129,Ms. Marvel,2022,movie,TV-PG,117.0,"Documentary, Short",Unknown,Unknown,"Kevin Feige, Iman Vellani","Gives an exclusive look behind the original series, ""Ms. Marvel,"" from its comic book origins to its development on Marvel Studios. Portraying interviews with its awarding-winning filmmaking team and newcomer Iman Vellani.",English,United States,Unknown,6.75,5.783825182329737,76.0,64.0,Phase 4,MCU,2020s,3,0,0,1,Documentary,6.8,3.5553480614894135,1.114,"Bisha K. Ali, Iman Vellani, Kevin Feige, Mohan Kapur, Matt Lintz",Brad Baruh,Unknown,Unknown,"superhero, behind the scenes, making of, marvel cinematic universe (mcu)",United States of America,"Urdu, English",0.0,0.0,Released,Witness a new Marvel in the making.,19.70742255161285,18.603002309079653,19.193787894917058,"Title: Ms. Marvel
Year: 2022
Universe: MCU
MCU Phase: Phase 4
Type: movie
Rated: TV-PG
Runtime: 4 minutes
Genre: Documentary, Short
Director: N/A
Writer: N/A
Cast: Kevin Feige, Iman Vellani
Top 5 Cast: Bisha K. Ali, Iman Vellani, Kevin Feige, Mohan Kapur, Matt Lintz
Plot: Gives an exclusive look behind the original series, ""Ms. Marvel,"" from its comic book origins to its development on Marvel Studios. Portraying interviews with its awarding-winning filmmaking team and newcomer Iman Vellani.
Tagline: Witness a new Marvel in the making.
Keywords: superhero, behind the scenes, making of, marvel cinematic universe (mcu)
IMDb Rating: N/A
Rotten Tomatoes: None
Metacritic: None
TMDB Rating: 6.8
Box Office: N/A
Budget: 0
Revenue: 0
Awards: N/A
Collection: N/A
Country: United States
Language: English",15.0,Bisha K. Ali,6.564705882352942,6.004166666666666,6.603846153846154,6.8
130,Thor: Love and Thunder,2022,movie,PG-13,118.0,"Action, Adventure, Comedy",Taika Waititi,"Taika Waititi, Jennifer Kaytin Robinson, Stan Lee","Chris Hemsworth, Natalie Portman, Christian Bale","Thor enlists the help of Valkyrie, Korg and ex-girlfriend Jane Foster to fight Gorr the God Butcher, who intends to make the gods extinct.",English,"Australia, United States",5 wins & 24 nominations total,6.1,13.03754160148769,63.0,57.0,Phase 4,MCU,2020s,3,0,0,1,"Fantasy, Action, Comedy",6.369,9.058121158998672,11.5456,"Chris Hemsworth, Natalie Portman, Christian Bale, Tessa Thompson, Taika Waititi",Taika Waititi,"Brad Winderbaum, Kevin Feige","Nami Melumad, Michael Giacchino","hero, ex-girlfriend, superhero, greek mythology, based on comic, sequel, shadow, norse mythology, aftercreditsstinger, duringcreditsstinger",United States of America,English,0.0,0.0,Released,The one is not the only.,20.450049406760908,19.33697147982652,19.653989503361164,"Title: Thor: Love and Thunder
Year: 2022
Universe: MCU
MCU Phase: Phase 4
Type: movie
Rated: PG-13
Runtime: 118 minutes
Genre: Action, Adventure, Comedy
Director: Taika Waititi
Writer: Taika Waititi, Jennifer Kaytin Robinson, Stan Lee
Cast: Chris Hemsworth, Natalie Portman, Christian Bale
Top 5 Cast: Chris Hemsworth, Natalie Portman, Christian Bale, Tessa Thompson, Taika Waititi
Plot: Thor enlists the help of Valkyrie, Korg and ex-girlfriend Jane Foster to fight Gorr the God Butcher, who intends to make the gods extinct.
Tagline: The one is not the only.
Keywords: hero, ex-girlfriend, superhero, greek mythology, based on comic, sequel, shadow, norse mythology, aftercreditsstinger, duringcreditsstinger
IMDb Rating: 6.1
Rotten Tomatoes: 63%
Metacritic: 57/100
TMDB Rating: 6.369
Box Office: 343256830
Budget: 250000000
Revenue: 760928081
Awards: 5 wins & 24 nominations total
Collection: Thor Collection
Country: Australia, United States
Language: English",15.0,Chris Hemsworth,6.1,5.699999999999999,6.3,6.369
131,I Am Groot (Season 1) (animated shorts),2022,Unknown,Unknown,117.0,Unknown,Unknown,Unknown,Unknown,Unknown,Unknown,Unknown,Unknown,6.75,12.664111228245407,76.0,64.0,Phase 4,MCU,2020s,3,1,0,1,Unknown,6.745,8.745921121024347,8.1973,Unknown,Unknown,Unknown,Unknown,Unknown,Unknown,Unknown,0.0,0.0,Unknown,Unknown,19.70742255161285,18.603002309079653,19.193787894917058,"Title: I Am Groot (Season 1) (animated shorts)
Year: 2022
Universe: MCU
MCU Phase: Phase 4
Type: N/A
Rated: nan
Runtime: nan minutes
Genre: nan
Director: nan
Writer: nan
Cast: nan
Top 5 Cast: nan
Plot: nan
Tagline: nan
Keywords: nan
IMDb Rating: nan
Rotten Tomatoes: nan
Metacritic: nan
TMDB Rating: nan
Box Office: nan
Budget: nan
Revenue: nan
Awards: nan
Collection: nan
Country: nan
Language: nan",0.0,Unknown,6.564705882352942,6.004166666666666,6.603846153846154,6.554427350427351
132,She-Hulk: Attorney at Law,2022,series,TV-14,117.0,"Action, Adventure, Comedy",Unknown,Jessica Gao,"Tatiana Maslany, Ginger Gonzaga, Malia Arrayah","Jennifer Walters navigates the complicated life of a single, 30-something attorney who also happens to be a green 6-foot-7-inch superpowered Hulk.",English,United States,5 wins & 16 nominations total,5.2,12.237755404170782,76.0,64.0,Phase 4,MCU,2020s,3,0,1,1,Documentary,6.579,4.060443010546419,0.6485,"Tatiana Maslany, Mark Ruffalo, Tim Roth, Benedict Wong, Ginger Gonzaga",Brad Baruh,John M. Pisani,Unknown,"superhero, behind the scenes, making of, marvel cinematic universe (mcu)",United States of America,English,0.0,0.0,Released,Unknown,19.70742255161285,18.603002309079653,19.193787894917058,"Title: She-Hulk: Attorney at Law
Year: 2022
Universe: MCU
MCU Phase: Phase 4
Type: series
Rated: TV-14
Runtime: N/A minutes
Genre: Action, Adventure, Comedy
Director: N/A
Writer: Jessica Gao
Cast: Tatiana Maslany, Ginger Gonzaga, Malia Arrayah
Top 5 Cast: Tatiana Maslany, Mark Ruffalo, Tim Roth, Benedict Wong, Ginger Gonzaga
Plot: Jennifer Walters navigates the complicated life of a single, 30-something attorney who also happens to be a green 6-foot-7-inch superpowered Hulk.
Tagline: 
Keywords: superhero, behind the scenes, making of, marvel cinematic universe (mcu)
IMDb Rating: 5.2
Rotten Tomatoes: None
Metacritic: None
TMDB Rating: 6.579
Box Office: N/A
Budget: 0
Revenue: 0
Awards: 5 wins & 16 nominations total
Collection: N/A
Country: United States
Language: English",15.0,Tatiana Maslany,5.2,6.004166666666666,6.603846153846154,6.579
133,Werewolf by Night,2022,movie,TV-14,52.0,"Action, Drama, Fantasy",Michael Giacchino,"Heather Quinn, Peter Cameron, Roy Thomas","Gael García Bernal, Laura Donnelly, Harriet Sansom Harris",Follows a lycanthrope superhero who fights evil using the abilities given to him by a curse brought on by his bloodline.,English,United States,1 win & 5 nominations total,7.1,11.274845925040037,90.0,64.0,Phase 4,MCU,2020s,3,0,0,1,"Action, Fantasy, Horror",6.954,7.338238150065589,4.2525,"Gael García Bernal, Laura Donnelly, Harriet Sansom Harris, Kirk R. Thatcher, Eugenie Bondurant",Michael Giacchino,Leeann Stonebreaker,Michael Giacchino,"monster, superhero, secret organization, based on comic, werewolf, magical object, marvel cinematic universe (mcu), short film",United States of America,English,0.0,0.0,Released,There's no escaping the night.,19.70742255161285,18.603002309079653,19.193787894917058,"Title: Werewolf by Night
Year: 2022
Universe: MCU
MCU Phase: Phase 4
Type: movie
Rated: TV-14
Runtime: 52 minutes
Genre: Action, Drama, Fantasy
Director: Michael Giacchino
Writer: Heather Quinn, Peter Cameron, Roy Thomas
Cast: Gael García Bernal, Laura Donnelly, Harriet Sansom Harris
Top 5 Cast: Gael García Bernal, Laura Donnelly, Harriet Sansom Harris, Kirk R. Thatcher, Eugenie Bondurant
Plot: Follows a lycanthrope superhero who fights evil using the abilities given to him by a curse brought on by his bloodline.
Tagline: There's no escaping the night.
Keywords: monster, superhero, secret organization, based on comic, werewolf, magical object, marvel cinematic universe (mcu), short film
IMDb Rating: 7.1
Rotten Tomatoes: 90%
Metacritic: None
TMDB Rating: 6.954
Box Office: N/A
Budget: 0
Revenue: 0
Awards: 1 win & 5 nominations total
Collection: N/A
Country: United States
Language: English",14.0,Gael García Bernal,7.1,6.004166666666666,9.0,6.954
134,Black Panther: Wakanda Forever,2022,movie,PG-13,161.0,"Action, Adventure, Drama",Ryan Coogler,"Ryan Coogler, Joe Robert Cole, Stan Lee","Letitia Wright, Lupita Nyong'o, Danai Gurira",The people of Wakanda fight to protect their home from intervening world powers as they mourn the death of King T'Challa.,"English, Xhosa, Maya, Spanish, Haitian, French",United States,Won 1 Oscar. 53 wins & 173 nominations total,6.6,12.818148047437958,84.0,67.0,Phase 4,MCU,2020s,3,0,0,1,"Action, Adventure, Science Fiction",7.006,8.921324076511265,12.7275,"Letitia Wright, Tenoch Huerta Mejía, Lupita Nyong'o, Danai Gurira, Winston Duke",Ryan Coogler,"Nate Moore, Kevin Feige",Ludwig Göransson,"hero, loss of loved one, superhero, royal family, based on comic, sequel, royalty, underwater, political intrigue , death in family",United States of America,"English, French, Haitian; Haitian Creole, Spanish, Xhosa",0.0,0.0,Released,Forever.,20.571398396044202,19.33697147982652,19.93323116748392,"Title: Black Panther: Wakanda Forever
Year: 2022
Universe: MCU
MCU Phase: Phase 4
Type: movie
Rated: PG-13
Runtime: 161 minutes
Genre: Action, Adventure, Drama
Director: Ryan Coogler
Writer: Ryan Coogler, Joe Robert Cole, Stan Lee
Cast: Letitia Wright, Lupita Nyong'o, Danai Gurira
Top 5 Cast: Letitia Wright, Tenoch Huerta Mejía, Lupita Nyong'o, Danai Gurira, Winston Duke
Plot: The people of Wakanda fight to protect their home from intervening world powers as they mourn the death of King T'Challa.
Tagline: Forever.
Keywords: hero, loss of loved one, superhero, royal family, based on comic, sequel, royalty, underwater, political intrigue , death in family
IMDb Rating: 6.6
Rotten Tomatoes: 84%
Metacritic: 67/100
TMDB Rating: 7.006
Box Office: 453829060
Budget: 250000000
Revenue: 859102154
Awards: Won 1 Oscar. 53 wins & 173 nominations total
Collection: Black Panther Collection
Country: United States
Language: English, Xhosa, Maya, Spanish, Haitian, French",15.0,Letitia Wright,6.6,6.7,8.4,7.006
135,The Guardians of the Galaxy Holiday Special,2022,movie,TV-14,42.0,"Action, Adventure, Comedy",James Gunn,"James Gunn, Jim Starlin, Stan Lee","Luke Klein, Sean Gunn, Michael Rooker","Star-Lord, Drax, Rocket, Mantis, and Groot engage in some spirited shenanigans in an all-new original special created for Disney+.",English,"United States, United Kingdom, Canada",4 wins & 7 nominations total,6.9,11.58874696819069,95.0,64.0,Phase 4,MCU,2020s,3,0,0,1,"Comedy, Science Fiction, Adventure",7.097,7.771488760117616,5.2913,"Chris Pratt, Dave Bautista, Karen Gillan, Pom Klementieff, Vin Diesel",James Gunn,Unknown,John Murphy,"holiday, superhero, celebrity, saving christmas, talking dog, based on movie, aftercreditsstinger, marvel cinematic universe (mcu), christmas, christmas special",United States of America,English,0.0,0.0,Released,The perfect present is a galaxy away.,19.70742255161285,18.603002309079653,19.193787894917058,"Title: The Guardians of the Galaxy Holiday Special
Year: 2022
Universe: MCU
MCU Phase: Phase 4
Type: movie
Rated: TV-14
Runtime: 42 minutes
Genre: Action, Adventure, Comedy
Director: James Gunn
Writer: James Gunn, Jim Starlin, Stan Lee
Cast: Luke Klein, Sean Gunn, Michael Rooker
Top 5 Cast: Chris Pratt, Dave Bautista, Karen Gillan, Pom Klementieff, Vin Diesel
Plot: Star-Lord, Drax, Rocket, Mantis, and Groot engage in some spirited shenanigans in an all-new original special created for Disney+.
Tagline: The perfect present is a galaxy away.
Keywords: holiday, superhero, celebrity, saving christmas, talking dog, based on movie, aftercreditsstinger, marvel cinematic universe (mcu), christmas, christmas special
IMDb Rating: 6.9
Rotten Tomatoes: 95%
Metacritic: None
TMDB Rating: 7.097
Box Office: N/A
Budget: 0
Revenue: 0
Awards: 4 wins & 7 nominations total
Collection: N/A
Country: United States, United Kingdom, Canada
Language: English",15.0,Chris Pratt,6.9,6.004166666666666,9.5,7.097
136,Ant-Man and the Wasp: Quantumania,2023,movie,PG-13,124.0,"Action, Adventure, Comedy",Peyton Reed,"Jeff Loveness, Stan Lee, Larry Lieber","Paul Rudd, Evangeline Lilly, Michael Douglas","Scott Lang and Hope Van Dyne are dragged into the Quantum Realm, along with Hope's parents and Scott's daughter Cassie. Together they must find a way to escape, but what secrets is Hope's mother hiding? And who is the mysterious K...",English,"United States, Australia, Canada",14 nominations total,6.0,12.501536858424009,46.0,48.0,Phase 5/6,MCU,2020s,2,0,0,1,"Action, Adventure, Science Fiction",6.226,8.675904882571059,7.98,"Paul Rudd, Evangeline Lilly, Michael Douglas, Michelle Pfeiffer, Jonathan Majors",Peyton Reed,"Stephen Broussard, Kevin Feige","Christophe Beck, Michael Paraskevas","hero, superhero, ant, based on comic, sequel, alternate dimension, family, aftercreditsstinger, duringcreditsstinger, marvel cinematic universe (mcu)",United States of America,English,0.0,0.0,Released,Witness the beginning of a new dynasty.,19.98107794093168,19.604246741562488,19.183843186513254,"Title: Ant-Man and the Wasp: Quantumania
Year: 2023
Universe: MCU
MCU Phase: Phase 5/6
Type: movie
Rated: PG-13
Runtime: 124 minutes
Genre: Action, Adventure, Comedy
Director: Peyton Reed
Writer: Jeff Loveness, Stan Lee, Larry Lieber
Cast: Paul Rudd, Evangeline Lilly, Michael Douglas
Top 5 Cast: Paul Rudd, Evangeline Lilly, Michael Douglas, Michelle Pfeiffer, Jonathan Majors
Plot: Scott Lang and Hope Van Dyne are dragged into the Quantum Realm, along with Hope's parents and Scott's daughter Cassie. Together they must find a way to escape, but what secrets is Hope's mother hiding? And who is the mysterious K...
Tagline: Witness the beginning of a new dynasty.
Keywords: hero, superhero, ant, based on comic, sequel, alternate dimension, family, aftercreditsstinger, duringcreditsstinger, marvel cinematic universe (mcu)
IMDb Rating: 6.0
Rotten Tomatoes: 46%
Metacritic: 48/100
TMDB Rating: 6.226
Box Office: 214504909
Budget: 326600000
Revenue: 476071180
Awards: 14 nominations total
Collection: Ant-Man Collection
Country: United States, Australia, Canada
Language: English",15.0,Paul Rudd,6.0,4.8,4.6,6.226
137,Moon Girl and Devil Dinosaur,2023,series,TV-Y7-FV,117.0,"Animation, Action, Adventure",Unknown,"Jeffrey M. Howard, Kate Kondell, Steve Loter","Diamond White, Fred Tatasciore, Alfre Woodard","After 13-year-old super-genius Lunella accidentally brings ten-ton T-Rex Devil Dinosaur into present-day New York City via a time vortex, the duo works together to protect the city's Lower East Side from danger.",English,"United States, Australia",11 wins & 19 nominations total,7.5,7.633369649679584,76.0,64.0,Phase 5/6,MCU,2020s,2,1,1,1,"Animation, Kids, Sci-Fi & Fantasy, Action & Adventure",7.5,3.6635616461296463,11.6858,"Diamond White, Fred Tatasciore, Alfre Woodard, Gary Anthony Williams, Sasheer Zamata",Unknown,Unknown,Raphael Saadiq,"tyrannosaurus rex, based on comic, dinosaur, kids, girl, city","Australia, United States of America",English,40.0,2.0,Canceled,Watch me shine.,19.70742255161285,18.603002309079653,19.193787894917058,"Title: Moon Girl and Devil Dinosaur
Year: 2023
Universe: MCU
MCU Phase: Phase 5/6
Type: series
Rated: TV-Y7-FV
Runtime: N/A minutes
Genre: Animation, Action, Adventure
Director: N/A
Writer: Jeffrey M. Howard, Kate Kondell, Steve Loter
Cast: Diamond White, Fred Tatasciore, Alfre Woodard
Top 5 Cast: Diamond White, Fred Tatasciore, Alfre Woodard, Gary Anthony Williams, Sasheer Zamata
Plot: After 13-year-old super-genius Lunella accidentally brings ten-ton T-Rex Devil Dinosaur into present-day New York City via a time vortex, the duo works together to protect the city's Lower East Side from danger.
Tagline: Watch me shine.
Keywords: tyrannosaurus rex, based on comic, dinosaur, kids, girl, city
IMDb Rating: 7.5
Rotten Tomatoes: None
Metacritic: None
TMDB Rating: 7.5
Box Office: N/A
Budget: N/A
Revenue: N/A
Awards: 11 wins & 19 nominations total
Collection: N/A
Country: United States, Australia
Language: English",7.0,Diamond White,7.5,6.004166666666666,6.603846153846154,7.5
138,Secret Invasion,2023,series,TV-14,117.0,"Action, Adventure, Mystery",Unknown,Kyle Bradstreet,"Samuel L. Jackson, Emilia Clarke, Don Cheadle",Fury and Talos try to stop the Skrulls who have infiltrated the highest spheres of the Marvel Universe.,"English, Russian, French, Finnish",United States,1 win & 6 nominations total,5.8,11.388812437118974,76.0,64.0,Phase 5/6,MCU,2020s,2,0,1,1,Documentary,5.2,3.367295829986474,0.7987,"Samuel L. Jackson, Jonathan Schwartz, Brian Tucker, Ali Selim, Cobie Smulders",Brad Baruh,Unknown,Unknown,"behind the scenes, making of",United States of America,English,0.0,0.0,Released,Unknown,19.70742255161285,18.603002309079653,19.193787894917058,"Title: Secret Invasion
Year: 2023
Universe: MCU
MCU Phase: Phase 5/6
Type: series
Rated: TV-14
Runtime: 1 minutes
Genre: Action, Adventure, Mystery
Director: N/A
Writer: Kyle Bradstreet
Cast: Samuel L. Jackson, Emilia Clarke, Don Cheadle
Top 5 Cast: Samuel L. Jackson, Jonathan Schwartz, Brian Tucker, Ali Selim, Cobie Smulders
Plot: Fury and Talos try to stop the Skrulls who have infiltrated the highest spheres of the Marvel Universe.
Tagline: 
Keywords: behind the scenes, making of
IMDb Rating: 5.8
Rotten Tomatoes: None
Metacritic: None
TMDB Rating: 5.2
Box Office: N/A
Budget: 0
Revenue: 0
Awards: 1 win & 6 nominations total
Collection: N/A
Country: United States
Language: English, Russian, French, Finnish",15.0,Samuel L. Jackson,5.8,6.004166666666666,6.603846153846154,5.2
139,Guardians of the Galaxy Vol. 3,2023,movie,PG-13,150.0,"Action, Adventure, Comedy",James Gunn,"James Gunn, Jim Starlin, Stan Lee","Chris Pratt, Chukwudi Iwuji, Bradley Cooper","Still reeling from the loss of Gamora, Peter Quill rallies his team to defend the universe and one of their own - a mission that could mean the end of the Guardians if not successful.","English, Russian","United States, New Zealand, France, Canada",Nominated for 1 Oscar. 12 wins & 100 nominations total,7.9,13.06084535662586,82.0,64.0,Phase 5/6,MCU,2020s,2,0,0,1,"Science Fiction, Adventure, Action",7.931,9.03336450150698,14.9562,"Chris Pratt, Zoe Saldaña, Dave Bautista, Karen Gillan, Pom Klementieff",James Gunn,Kevin Feige,John Murphy,"hero, superhero, mad scientist, based on comic, sequel, superhero team, space opera, raccoon, aftercreditsstinger, duringcreditsstinger",United States of America,English,0.0,0.0,Released,Once more with feeling.,20.55549786234263,19.33697147982652,19.698821291788537,"Title: Guardians of the Galaxy Vol. 3
Year: 2023
Universe: MCU
MCU Phase: Phase 5/6
Type: movie
Rated: PG-13
Runtime: 150 minutes
Genre: Action, Adventure, Comedy
Director: James Gunn
Writer: James Gunn, Jim Starlin, Stan Lee
Cast: Chris Pratt, Chukwudi Iwuji, Bradley Cooper
Top 5 Cast: Chris Pratt, Zoe Saldaña, Dave Bautista, Karen Gillan, Pom Klementieff
Plot: Still reeling from the loss of Gamora, Peter Quill rallies his team to defend the universe and one of their own - a mission that could mean the end of the Guardians if not successful.
Tagline: Once more with feeling.
Keywords: hero, superhero, mad scientist, based on comic, sequel, superhero team, space opera, raccoon, aftercreditsstinger, duringcreditsstinger
IMDb Rating: 7.9
Rotten Tomatoes: 82%
Metacritic: 64/100
TMDB Rating: 7.931
Box Office: 358995815
Budget: 250000000
Revenue: 845550000
Awards: Nominated for 1 Oscar. 12 wins & 100 nominations total
Collection: Guardians of the Galaxy Collection
Country: United States, New Zealand, France, Canada
Language: English, Russian",15.0,Chris Pratt,7.9,6.4,8.2,7.931
140,Spider-Man: Across the Spider-Verse,2023,movie,PG,140.0,"Animation, Action, Adventure","Joaquim Dos Santos, Kemp Powers, Justin K. Thompson","Phil Lord, Christopher Miller, Dave Callaham","Shameik Moore, Hailee Steinfeld, Brian Tyree Henry","Traveling across the multiverse, Miles Morales meets a new team of Spider-People, made up of heroes from different dimensions. But when the heroes clash over how to deal with a new threat, Miles finds himself at a crossroads.",English,United States,Nominated for 1 Oscar. 107 wins & 164 nominations total,8.5,13.141216534488446,95.0,86.0,Phase 5/6,Sony / Spider-Man,2020s,2,0,0,0,"Animation, Action, Adventure, Science Fiction",8.336,9.067970030684457,24.8159,"Shameik Moore, Hailee Steinfeld, Brian Tyree Henry, Luna Lauren Vélez, Jake Johnson","Kemp Powers, Justin K. Thompson, Joaquim Dos Santos","Avi Arad, Christina Steinberg, Amy Pascal",Daniel Pemberton,"new york city, hero, double life, sacrifice, secret identity, superhero, villain, portal, based on comic, sequel",United States of America,"English, Hindi, Italian, Spanish",0.0,0.0,Released,It's how you wear the mask that matters.,20.353502629862035,18.420680753952364,19.75986713210051,"Title: Spider-Man: Across the Spider-Verse
Year: 2023
Universe: Sony / Spider-Man
MCU Phase: Phase 5/6
Type: movie
Rated: PG
Runtime: 140 minutes
Genre: Animation, Action, Adventure
Director: Joaquim Dos Santos, Kemp Powers, Justin K. Thompson
Writer: Phil Lord, Christopher Miller, Dave Callaham
Cast: Shameik Moore, Hailee Steinfeld, Brian Tyree Henry
Top 5 Cast: Shameik Moore, Hailee Steinfeld, Brian Tyree Henry, Luna Lauren Vélez, Jake Johnson
Plot: Traveling across the multiverse, Miles Morales meets a new team of Spider-People, made up of heroes from different dimensions. But when the heroes clash over how to deal with a new threat, Miles finds himself at a crossroads.
Tagline: It's how you wear the mask that matters.
Keywords: new york city, hero, double life, sacrifice, secret identity, superhero, villain, portal, based on comic, sequel
IMDb Rating: 8.5
Rotten Tomatoes: 95%
Metacritic: 86/100
TMDB Rating: 8.336
Box Office: 381593754
Budget: 100000000
Revenue: 690897910
Awards: Nominated for 1 Oscar. 107 wins & 164 nominations total
Collection: Spider-Man: Spider-Verse Collection
Country: United States
Language: English",15.0,Shameik Moore,8.5,8.6,9.5,8.336
141,I Am Groot Season 2,2023,Unknown,Unknown,117.0,Unknown,Unknown,Unknown,Unknown,Unknown,Unknown,Unknown,Unknown,6.75,12.664111228245407,76.0,64.0,Phase 5/6,MCU,2020s,2,1,0,1,Unknown,6.745,8.745921121024347,8.1973,Unknown,Unknown,Unknown,Unknown,Unknown,Unknown,Unknown,0.0,0.0,Unknown,Unknown,19.70742255161285,18.603002309079653,19.193787894917058,"Title: I Am Groot Season 2
Year: 2023
Universe: MCU
MCU Phase: Phase 5/6
Type: N/A
Rated: nan
Runtime: nan minutes
Genre: nan
Director: nan
Writer: nan
Cast: nan
Top 5 Cast: nan
Plot: nan
Tagline: nan
Keywords: nan
IMDb Rating: nan
Rotten Tomatoes: nan
Metacritic: nan
TMDB Rating: nan
Box Office: nan
Budget: nan
Revenue: nan
Awards: nan
Collection: nan
Country: nan
Language: nan",0.0,Unknown,6.564705882352942,6.004166666666666,6.603846153846154,6.554427350427351
142,The Marvels,2023,movie,PG-13,105.0,"Action, Adventure, Sci-Fi",Nia DaCosta,"Nia DaCosta, Megan McDonnell, Elissa Karasik","Brie Larson, Teyonah Parris, Iman Vellani","Carol Danvers gets her powers entangled with those of Kamala Khan and Monica Rambeau, forcing them to work together to save the universe.","English, Urdu",United States,5 wins & 13 nominations total,5.5,11.994870016783612,63.0,50.0,Phase 5/6,MCU,2020s,2,0,0,1,"Science Fiction, Adventure, Action",5.939,8.13505390861157,6.5556,"Brie Larson, Teyonah Parris, Iman Vellani, Samuel L. Jackson, Zawe Ashton",Nia DaCosta,Kevin Feige,Laura Karpman,"hero, superhero, space travel, based on comic, sequel, teenage girl, female protagonist, aftercreditsstinger, duringcreditsstinger, marvel cinematic universe (mcu)",United States of America,"English, Urdu",0.0,0.0,Released,Higher. Further. Faster. Together.,19.14405071015158,19.43155412195148,18.252264743211462,"Title: The Marvels
Year: 2023
Universe: MCU
MCU Phase: Phase 5/6
Type: movie
Rated: PG-13
Runtime: 105 minutes
Genre: Action, Adventure, Sci-Fi
Director: Nia DaCosta
Writer: Nia DaCosta, Megan McDonnell, Elissa Karasik
Cast: Brie Larson, Teyonah Parris, Iman Vellani
Top 5 Cast: Brie Larson, Teyonah Parris, Iman Vellani, Samuel L. Jackson, Zawe Ashton
Plot: Carol Danvers gets her powers entangled with those of Kamala Khan and Monica Rambeau, forcing them to work together to save the universe.
Tagline: Higher. Further. Faster. Together.
Keywords: hero, superhero, space travel, based on comic, sequel, teenage girl, female protagonist, aftercreditsstinger, duringcreditsstinger, marvel cinematic universe (mcu)
IMDb Rating: 5.5
Rotten Tomatoes: 63%
Metacritic: 50/100
TMDB Rating: 5.939
Box Office: 84500223
Budget: 274800000
Revenue: 206136825
Awards: 5 wins & 13 nominations total
Collection: Captain Marvel Collection
Country: United States
Language: English, Urdu",15.0,Brie Larson,5.5,5.0,6.3,5.939
143,Loki,2023,movie,Unknown,117.0,Short,Craig Wyhoon,Craig Wyhoon,Craig Wyhoon,Unknown,English,Australia,17 wins,6.75,12.664111228245407,76.0,64.0,Phase 5/6,MCU,2020s,2,0,0,1,Documentary,7.595,3.091042453358316,0.9235,"Tom Hiddleston, Owen Wilson, Eric Martin, Justin Benson, Aaron Moorhead",Brad Baruh,Unknown,Unknown,"behind the scenes, making of, marvel cinematic universe (mcu)",United States of America,English,0.0,0.0,Released,Unknown,19.70742255161285,18.603002309079653,19.193787894917058,"Title: Loki
Year: 2023
Universe: MCU
MCU Phase: Phase 5/6
Type: movie
Rated: N/A
Runtime: 6 minutes
Genre: Short
Director: Craig Wyhoon
Writer: Craig Wyhoon
Cast: Craig Wyhoon
Top 5 Cast: Tom Hiddleston, Owen Wilson, Eric Martin, Justin Benson, Aaron Moorhead
Plot: N/A
Tagline: 
Keywords: behind the scenes, making of, marvel cinematic universe (mcu)
IMDb Rating: N/A
Rotten Tomatoes: None
Metacritic: None
TMDB Rating: 7.595
Box Office: N/A
Budget: 0
Revenue: 0
Awards: 17 wins
Collection: N/A
Country: Australia
Language: English",15.0,Tom Hiddleston,6.564705882352942,6.004166666666666,6.603846153846154,7.595
144,What If...?,2023,movie,Unknown,117.0,"Short, Comedy",Unknown,Unknown,Unknown,"After a party, the young drunk couple Anna and Richard break into Richard's new flat after having lost the key, but an encounter with a stranger raises doubts if it's really the right apartment.",English,Germany,Unknown,6.75,12.664111228245407,76.0,64.0,Phase 5/6,MCU,2020s,2,1,0,1,"Drama, Romance",6.2,1.6094379124341003,0.5586,"Alessandra de Rossi, JM de Guzman, Chard Ocampo, Ana Abad Santos, Nicole Omillo",Manny Palo,Unknown,Unknown,honeymoon,Philippines,"English, Tagalog",0.0,0.0,Released,Unknown,19.70742255161285,18.603002309079653,19.193787894917058,"Title: What If...?
Year: 2023
Universe: MCU
MCU Phase: Phase 5/6
Type: movie
Rated: N/A
Runtime: N/A minutes
Genre: Short, Comedy
Director: N/A
Writer: N/A
Cast: N/A
Top 5 Cast: Alessandra de Rossi, JM de Guzman, Chard Ocampo, Ana Abad Santos, Nicole Omillo
Plot: After a party, the young drunk couple Anna and Richard break into Richard's new flat after having lost the key, but an encounter with a stranger raises doubts if it's really the right apartment.
Tagline: 
Keywords: honeymoon
IMDb Rating: N/A
Rotten Tomatoes: None
Metacritic: None
TMDB Rating: 6.2
Box Office: N/A
Budget: 0
Revenue: 0
Awards: N/A
Collection: N/A
Country: Germany
Language: English",10.0,Alessandra de Rossi,6.564705882352942,6.004166666666666,6.603846153846154,6.2
145,Echo,2024,movie,Unknown,117.0,"Short, Drama",Sandeep Raj,"Priyanka Nomula, Sandeep Raj","Priyanka Nomula, Dinesh Kumar, Bhanushree Judhala","Four individuals face personal struggles-Varun seeks acceptance, Priya navigates cultural tensions, Giri fights for recognition, and Bhanu defies body shaming. Their paths cross, revealing the power of resilience.",English,Australia,2 wins total,6.75,12.664111228245407,76.0,64.0,Phase 5/6,MCU,2020s,1,0,0,1,Documentary,7.0,0.6931471805599453,0.1325,"Anna Buczak, Bartłomiej Krysiak, Anna Prokop",Emi Buchwald,"Ewa Jastrzębska, Jerzy Kapuściński",Unknown,"therapy, speech disorder",Poland,Polish,0.0,0.0,Released,Unknown,19.70742255161285,18.603002309079653,19.193787894917058,"Title: Echo
Year: 2024
Universe: MCU
MCU Phase: Phase 5/6
Type: movie
Rated: N/A
Runtime: N/A minutes
Genre: Short, Drama
Director: Sandeep Raj
Writer: Priyanka Nomula, Sandeep Raj
Cast: Priyanka Nomula, Dinesh Kumar, Bhanushree Judhala
Top 5 Cast: Anna Buczak, Bartłomiej Krysiak, Anna Prokop
Plot: Four individuals face personal struggles-Varun seeks acceptance, Priya navigates cultural tensions, Giri fights for recognition, and Bhanu defies body shaming. Their paths cross, revealing the power of resilience.
Tagline: 
Keywords: therapy, speech disorder
IMDb Rating: N/A
Rotten Tomatoes: None
Metacritic: None
TMDB Rating: 7.0
Box Office: N/A
Budget: 0
Revenue: 0
Awards: 2 wins total
Collection: N/A
Country: Australia
Language: English",3.0,Anna Buczak,6.564705882352942,6.004166666666666,6.603846153846154,7.0
146,X-Men '97,2024,series,TV-14,117.0,"Animation, Action, Adventure",Unknown,Beau DeMayo,"George Buza, Cal Dodd, Holly Chou","A band of mutants use their uncanny gifts to protect a world that hates and fears them; they're challenged like never before, forced to face a dangerous and unexpected new future.",English,"United States, South Korea",Nominated for 1 Primetime Emmy. 6 wins & 15 nominations total,8.7,10.822594315669765,76.0,64.0,Phase 5/6,Fox / X-Men,2020s,1,1,1,0,Documentary,5.8,2.6390573296152584,1.0795,"Brad Winderbaum, Dana Vasquez-Eberhardt, Jake Castorena, Jeremy Polgar, Chase Conley",Brad Baruh,Unknown,Unknown,"superhero, behind the scenes, making of, voice acting",United States of America,"English, Spanish",0.0,0.0,Released,Unknown,19.70742255161285,18.603002309079653,19.193787894917058,"Title: X-Men '97
Year: 2024
Universe: Fox / X-Men
MCU Phase: Phase 5/6
Type: series
Rated: TV-14
Runtime: N/A minutes
Genre: Animation, Action, Adventure
Director: N/A
Writer: Beau DeMayo
Cast: George Buza, Cal Dodd, Holly Chou
Top 5 Cast: Brad Winderbaum, Dana Vasquez-Eberhardt, Jake Castorena, Jeremy Polgar, Chase Conley
Plot: A band of mutants use their uncanny gifts to protect a world that hates and fears them; they're challenged like never before, forced to face a dangerous and unexpected new future.
Tagline: 
Keywords: superhero, behind the scenes, making of, voice acting
IMDb Rating: 8.7
Rotten Tomatoes: None
Metacritic: None
TMDB Rating: 5.8
Box Office: N/A
Budget: 0
Revenue: 0
Awards: Nominated for 1 Primetime Emmy. 6 wins & 15 nominations total
Collection: N/A
Country: United States, South Korea
Language: English",15.0,Brad Winderbaum,8.7,6.004166666666666,6.603846153846154,5.8
147,Deadpool & Wolverine,2024,movie,R,128.0,"Action, Adventure, Comedy",Shawn Levy,"Ryan Reynolds, Rhett Reese, Paul Wernick","Ryan Reynolds, Hugh Jackman, Emma Corrin","Deadpool is offered a place in the Marvel Cinematic Universe by the Time Variance Authority, but instead recruits a variant of Wolverine to save his universe from extinction.","English, French, Spanish","United States, Canada",31 wins & 71 nominations total,7.5,13.244593399432361,77.0,56.0,Phase 5/6,MCU,2020s,1,0,0,1,"Action, Comedy, Science Fiction",7.574,9.079092085366229,34.7315,"Ryan Reynolds, Hugh Jackman, Emma Corrin, Matthew Macfadyen, Dafne Keen",Shawn Levy,"Ryan Reynolds, Lauren Shuler Donner, Shawn Levy",Rob Simonsen,"hero, superhero, anti hero, mutant, breaking the fourth wall, aftercreditsstinger, duringcreditsstinger, marvel cinematic universe (mcu), mutants, superhero teamup",United States of America,English,0.0,0.0,Released,Come together.,21.014496838991214,19.11382792951231,20.271881168465434,"Title: Deadpool & Wolverine
Year: 2024
Universe: MCU
MCU Phase: Phase 5/6
Type: movie
Rated: R
Runtime: 128 minutes
Genre: Action, Adventure, Comedy
Director: Shawn Levy
Writer: Ryan Reynolds, Rhett Reese, Paul Wernick
Cast: Ryan Reynolds, Hugh Jackman, Emma Corrin
Top 5 Cast: Ryan Reynolds, Hugh Jackman, Emma Corrin, Matthew Macfadyen, Dafne Keen
Plot: Deadpool is offered a place in the Marvel Cinematic Universe by the Time Variance Authority, but instead recruits a variant of Wolverine to save his universe from extinction.
Tagline: Come together.
Keywords: hero, superhero, anti hero, mutant, breaking the fourth wall, aftercreditsstinger, duringcreditsstinger, marvel cinematic universe (mcu), mutants, superhero teamup
IMDb Rating: 7.5
Rotten Tomatoes: 77%
Metacritic: 56/100
TMDB Rating: 7.574
Box Office: 636745858
Budget: 200000000
Revenue: 1338073645
Awards: 31 wins & 71 nominations total
Collection: Deadpool Collection
Country: United States, Canada
Language: English, French, Spanish",15.0,Ryan Reynolds,7.5,5.6000000000000005,7.7,7.574
148,Agatha All Along,2024,series,TV-14,117.0,"Action, Adventure, Comedy",Unknown,Jac Schaeffer,"Kathryn Hahn, Joe Locke, Sasheer Zamata","A spell-bound Agatha Harkness regains freedom thanks to a teen's help. Intrigued by his plea, she embarks on the Witches' Road trials to reclaim her powers and discover the teen's motivations.",English,United States,Nominated for 3 Primetime Emmys. 14 wins & 42 nominations total,7.2,11.340368083089638,76.0,64.0,Phase 5/6,MCU,2020s,1,0,1,1,Documentary,8.111,2.302585092994046,0.5266,"Mary Livanos, Kathryn Hahn, Jac Schaeffer, Daniel Selon, Joe Locke",Brad Baruh,John M. Pisani,Unknown,"making of, marvel cinematic universe (mcu)",United States of America,English,0.0,0.0,Released,Unknown,19.70742255161285,18.603002309079653,19.193787894917058,"Title: Agatha All Along
Year: 2024
Universe: MCU
MCU Phase: Phase 5/6
Type: series
Rated: TV-14
Runtime: N/A minutes
Genre: Action, Adventure, Comedy
Director: N/A
Writer: Jac Schaeffer
Cast: Kathryn Hahn, Joe Locke, Sasheer Zamata
Top 5 Cast: Mary Livanos, Kathryn Hahn, Jac Schaeffer, Daniel Selon, Joe Locke
Plot: A spell-bound Agatha Harkness regains freedom thanks to a teen's help. Intrigued by his plea, she embarks on the Witches' Road trials to reclaim her powers and discover the teen's motivations.
Tagline: 
Keywords: making of, marvel cinematic universe (mcu)
IMDb Rating: 7.2
Rotten Tomatoes: None
Metacritic: None
TMDB Rating: 8.111
Box Office: N/A
Budget: 0
Revenue: 0
Awards: Nominated for 3 Primetime Emmys. 14 wins & 42 nominations total
Collection: N/A
Country: United States
Language: English",15.0,Mary Livanos,7.2,6.004166666666666,6.603846153846154,8.111
149,Your Friendly Neighborhood Spider-Man,2025,series,TV-PG,117.0,"Animation, Action, Adventure",Unknown,Unknown,"Hudson Thames, Kari Wahlgren, Eugene Byrd","The animated series follows Peter Parker on his way to becoming Spider-Man in the MCU, with a journey unlike we've ever seen and a style that celebrates the character's early comic book roots.",English,"United States, Japan",3 nominations total,7.5,9.77286620732769,76.0,64.0,Phase 5/6,MCU,2020s,0,0,1,1,"Animation, Action & Adventure, Sci-Fi & Fantasy",7.8,5.598421958998375,11.1277,Hudson Thames,Unknown,"Danielle Costa, Tim Pauer","Zach Robinson, Leo Birenberg","high school, superhero, based on comic, nostalgic, teen superhero, origin story, 3d animation, inspirational, awestruck",United States of America,English,10.0,1.0,Returning Series,Meet the new hero on the block.,19.70742255161285,18.603002309079653,19.193787894917058,"Title: Your Friendly Neighborhood Spider-Man
Year: 2025
Universe: MCU
MCU Phase: Phase 5/6
Type: series
Rated: TV-PG
Runtime: N/A minutes
Genre: Animation, Action, Adventure
Director: N/A
Writer: N/A
Cast: Hudson Thames, Kari Wahlgren, Eugene Byrd
Top 5 Cast: Hudson Thames
Plot: The animated series follows Peter Parker on his way to becoming Spider-Man in the MCU, with a journey unlike we've ever seen and a style that celebrates the character's early comic book roots.
Tagline: Meet the new hero on the block.
Keywords: high school, superhero, based on comic, nostalgic, teen superhero, origin story, 3d animation, inspirational, awestruck
IMDb Rating: 7.5
Rotten Tomatoes: None
Metacritic: None
TMDB Rating: 7.8
Box Office: N/A
Budget: N/A
Revenue: N/A
Awards: 3 nominations total
Collection: N/A
Country: United States, Japan
Language: English",1.0,Hudson Thames,7.5,6.004166666666666,6.603846153846154,7.8
150,Captain America: Brave New World,2025,movie,PG-13,118.0,"Action, Adventure, Sci-Fi",Julius Onah,"Rob Edwards, Malcolm Spellman, Dalan Musson","Anthony Mackie, Harrison Ford, Danny Ramirez","Sam Wilson, the new Captain America, finds himself in the middle of an international incident and must discover the motive behind a nefarious global plan.","English, Spanish, Japanese","United States, Canada",2 wins & 17 nominations total,5.6,12.092556742699063,46.0,42.0,Phase 5/6,MCU,2020s,0,0,0,1,"Action, Thriller, Science Fiction",5.971,8.044626279767337,14.8546,"Anthony Mackie, Harrison Ford, Danny Ramirez, Shira Haas, Tim Blake Nelson",Julius Onah,"Kevin Feige, Nate Moore",Laura Karpman,"hero, usa president, the white house, superhero, based on comic, sequel, revenge, superhuman, summit, aftercreditsstinger",United States of America,"English, Japanese, Spanish",0.0,0.0,Released,The future favors the brave.,19.844033814509658,19.00846741441004,19.11632481468596,"Title: Captain America: Brave New World
Year: 2025
Universe: MCU
MCU Phase: Phase 5/6
Type: movie
Rated: PG-13
Runtime: 118 minutes
Genre: Action, Adventure, Sci-Fi
Director: Julius Onah
Writer: Rob Edwards, Malcolm Spellman, Dalan Musson
Cast: Anthony Mackie, Harrison Ford, Danny Ramirez
Top 5 Cast: Anthony Mackie, Harrison Ford, Danny Ramirez, Shira Haas, Tim Blake Nelson
Plot: Sam Wilson, the new Captain America, finds himself in the middle of an international incident and must discover the motive behind a nefarious global plan.
Tagline: The future favors the brave.
Keywords: hero, usa president, the white house, superhero, based on comic, sequel, revenge, superhuman, summit, aftercreditsstinger
IMDb Rating: 5.6
Rotten Tomatoes: 46%
Metacritic: 42/100
TMDB Rating: 5.971
Box Office: 200500001
Budget: 180000000
Revenue: 415101577
Awards: 2 wins & 17 nominations total
Collection: Captain America Collection
Country: United States, Canada
Language: English, Spanish, Japanese",15.0,Anthony Mackie,5.6,4.2,4.6,5.971
151,Daredevil: Born Again,2025,series,TV-MA,117.0,"Action, Crime, Drama",Unknown,"Matt Corman, Chris Ord, Dario Scardapane","Charlie Cox, Vincent D'Onofrio, Genneya Walton",Matt Murdock finds himself on a collision course with Wilson Fisk when their past identities begin to emerge.,English,United States,1 win & 7 nominations total,8.1,11.472405508165323,76.0,64.0,Phase 5/6,MCU,2020s,0,0,1,1,"Drama, Action & Adventure, Crime",8.183,6.881411303642535,45.2184,"Charlie Cox, Vincent D'Onofrio, Wilson Bethel, Deborah Ann Woll, Margarita Levieva",Unknown,David Chambers,"Taylor Stewart, Andrew Grush","mayor, sequel, superhero, based on comic, lawyer, blind, blunt, marvel cinematic universe (mcu), attorney, appreciative",United States of America,English,17.0,2.0,Returning Series,All hell breaks loose.,19.70742255161285,18.603002309079653,19.193787894917058,"Title: Daredevil: Born Again
Year: 2025
Universe: MCU
MCU Phase: Phase 5/6
Type: series
Rated: TV-MA
Runtime: N/A minutes
Genre: Action, Crime, Drama
Director: N/A
Writer: Matt Corman, Chris Ord, Dario Scardapane
Cast: Charlie Cox, Vincent D'Onofrio, Genneya Walton
Top 5 Cast: Charlie Cox, Vincent D'Onofrio, Wilson Bethel, Deborah Ann Woll, Margarita Levieva
Plot: Matt Murdock finds himself on a collision course with Wilson Fisk when their past identities begin to emerge.
Tagline: All hell breaks loose.
Keywords: mayor, sequel, superhero, based on comic, lawyer, blind, blunt, marvel cinematic universe (mcu), attorney, appreciative
IMDb Rating: 8.1
Rotten Tomatoes: None
Metacritic: None
TMDB Rating: 8.183
Box Office: N/A
Budget: N/A
Revenue: N/A
Awards: 1 win & 7 nominations total
Collection: N/A
Country: United States
Language: English",13.0,Charlie Cox,8.1,6.004166666666666,6.603846153846154,8.183
152,Thunderbolts*,2025,movie,PG-13,127.0,"Action, Adventure, Crime",Jake Schreier,"Eric Pearson, Joanna Calo, Kurt Busiek","Florence Pugh, Sebastian Stan, Julia Louis-Dreyfus","After finding themselves ensnared in a death trap, an unconventional team of antiheroes must go on a dangerous mission that will force them to confront the darkest corners of their pasts.","English, Russian, Italian","United States, Australia, Canada",4 wins & 28 nominations total,7.1,12.523416670243158,88.0,68.0,Phase 5/6,MCU,2020s,0,0,0,1,"Action, Science Fiction, Adventure",7.3,8.182279739259018,13.6172,"Florence Pugh, Sebastian Stan, Julia Louis-Dreyfus, Lewis Pullman, David Harbour",Jake Schreier,Kevin Feige,"Ryan Lott, Rafiq Bhatia","new york city, superhero, villain, based on comic, super power, mental health, aftercreditsstinger, duringcreditsstinger, marvel cinematic universe (mcu), congressman",United States of America,"English, Italian, Russian",0.0,0.0,Released,Everyone deserves a second shot.,19.762074277368583,19.00846741441004,19.063977425636672,"Title: Thunderbolts*
Year: 2025
Universe: MCU
MCU Phase: Phase 5/6
Type: movie
Rated: PG-13
Runtime: 127 minutes
Genre: Action, Adventure, Crime
Director: Jake Schreier
Writer: Eric Pearson, Joanna Calo, Kurt Busiek
Cast: Florence Pugh, Sebastian Stan, Julia Louis-Dreyfus
Top 5 Cast: Florence Pugh, Sebastian Stan, Julia Louis-Dreyfus, Lewis Pullman, David Harbour
Plot: After finding themselves ensnared in a death trap, an unconventional team of antiheroes must go on a dangerous mission that will force them to confront the darkest corners of their pasts.
Tagline: Everyone deserves a second shot.
Keywords: new york city, superhero, villain, based on comic, super power, mental health, aftercreditsstinger, duringcreditsstinger, marvel cinematic universe (mcu), congressman
IMDb Rating: 7.1
Rotten Tomatoes: 88%
Metacritic: 68/100
TMDB Rating: 7.3
Box Office: 190274328
Budget: 180000000
Revenue: 382436917
Awards: 4 wins & 28 nominations total
Collection: N/A
Country: United States, Australia, Canada
Language: English, Russian, Italian",15.0,Florence Pugh,7.1,6.800000000000001,8.8,7.3
153,Ironheart,2025,series,TV-14,117.0,"Action, Adventure, Fantasy",Unknown,Chinaka Hodge,"Dominique Thorne, Anthony Ramos, Lyric Ross",Genius teenage inventor Riri Williams creates the most advanced suit of armor since Iron Man.,English,United States,7 nominations total,4.5,11.089438942264245,76.0,64.0,Phase 5/6,MCU,2020s,0,0,1,1,"Sci-Fi & Fantasy, Crime, Action & Adventure",5.311,6.126869184114185,8.1973,"Dominique Thorne, Lyric Ross, Manny Montana, Matthew Elam, Anji White",Unknown,"Ethan Smith, Francesca Gailes, Jacqueline J. Gailes",Dara Taylor,"based on comic, spin off, marvel cinematic universe (mcu), woman director",United States of America,German,6.0,1.0,Ended,Every dream has a cost.,19.70742255161285,18.603002309079653,19.193787894917058,"Title: Ironheart
Year: 2025
Universe: MCU
MCU Phase: Phase 5/6
Type: series
Rated: TV-14
Runtime: 1 minutes
Genre: Action, Adventure, Fantasy
Director: N/A
Writer: Chinaka Hodge
Cast: Dominique Thorne, Anthony Ramos, Lyric Ross
Top 5 Cast: Dominique Thorne, Lyric Ross, Manny Montana, Matthew Elam, Anji White
Plot: Genius teenage inventor Riri Williams creates the most advanced suit of armor since Iron Man.
Tagline: Every dream has a cost.
Keywords: based on comic, spin off, marvel cinematic universe (mcu), woman director
IMDb Rating: 4.5
Rotten Tomatoes: None
Metacritic: None
TMDB Rating: 5.311
Box Office: N/A
Budget: N/A
Revenue: N/A
Awards: 7 nominations total
Collection: N/A
Country: United States
Language: English",12.0,Dominique Thorne,4.5,6.004166666666666,6.603846153846154,5.311
154,The Fantastic Four: First Steps,2025,movie,PG-13,115.0,"Action, Adventure, Sci-Fi",Matt Shakman,"Josh Friedman, Eric Pearson, Jeff Kaplan","Pedro Pascal, Vanessa Kirby, Ebon Moss-Bachrach","Forced to balance their roles as heroes with the strength of their family bond, the Fantastic Four must defend Earth from a ravenous space god called Galactus and his enigmatic herald, the Silver Surfer.",English,"United Kingdom, United States, Canada, New Zealand",4 wins & 48 nominations total,6.8,12.463045479242037,76.0,65.0,Phase 5/6,MCU,2020s,0,0,0,1,"Science Fiction, Adventure, Action",7.0,8.131824785007195,20.4288,"Pedro Pascal, Vanessa Kirby, Ebon Moss-Bachrach, Joseph Quinn, Ralph Ineson",Matt Shakman,Kevin Feige,Michael Giacchino,"strong woman, saving the world, superhero, based on comic, end of the world, super power, superhero team, alternative reality, aftercreditsstinger, duringcreditsstinger",United States of America,"French, Uzbek, English",0.0,0.0,Released,Welcome to the family.,20.07290747511928,19.251849226765085,19.429684143196276,"Title: The Fantastic Four: First Steps
Year: 2025
Universe: MCU
MCU Phase: Phase 5/6
Type: movie
Rated: PG-13
Runtime: 115 minutes
Genre: Action, Adventure, Sci-Fi
Director: Matt Shakman
Writer: Josh Friedman, Eric Pearson, Jeff Kaplan
Cast: Pedro Pascal, Vanessa Kirby, Ebon Moss-Bachrach
Top 5 Cast: Pedro Pascal, Vanessa Kirby, Ebon Moss-Bachrach, Joseph Quinn, Ralph Ineson
Plot: Forced to balance their roles as heroes with the strength of their family bond, the Fantastic Four must defend Earth from a ravenous space god called Galactus and his enigmatic herald, the Silver Surfer.
Tagline: Welcome to the family.
Keywords: strong woman, saving the world, superhero, based on comic, end of the world, super power, superhero team, alternative reality, aftercreditsstinger, duringcreditsstinger
IMDb Rating: 6.8
Rotten Tomatoes: None
Metacritic: 65/100
TMDB Rating: 7.0
Box Office: 274286610
Budget: 229600000
Revenue: 521858728
Awards: 4 wins & 48 nominations total
Collection: N/A
Country: United Kingdom, United States, Canada, New Zealand
Language: English",15.0,Pedro Pascal,6.8,6.5,6.603846153846154,7.0
155,Eyes of Wakanda,2025,series,TV-14,117.0,"Animation, Action, Adventure",Unknown,Unknown,"Terri Douglas, Michael Woodley, Kimberly Bailey","Wakandan warriors who, throughout history, have traveled the world to retrieve dangerous vibranium artifacts.",English,United States,3 nominations total,6.2,9.09963224999176,76.0,64.0,Phase 5/6,MCU,2020s,0,0,1,1,"Animation, Sci-Fi & Fantasy, Action & Adventure",6.183,5.153291594497779,3.7932,Unknown,Unknown,"Danielle Costa, Patty Jausoro, Nikki Kefford-White",Hesham Nazih,"anthology, based on comic, miniseries, marvel cinematic universe (mcu), tense","United States of America, United Kingdom",English,4.0,1.0,Ended,Every mission shapes a legacy.,19.70742255161285,18.603002309079653,19.193787894917058,"Title: Eyes of Wakanda
Year: 2025
Universe: MCU
MCU Phase: Phase 5/6
Type: series
Rated: TV-14
Runtime: N/A minutes
Genre: Animation, Action, Adventure
Director: N/A
Writer: N/A
Cast: Terri Douglas, Michael Woodley, Kimberly Bailey
Top 5 Cast: 
Plot: Wakandan warriors who, throughout history, have traveled the world to retrieve dangerous vibranium artifacts.
Tagline: Every mission shapes a legacy.
Keywords: anthology, based on comic, miniseries, marvel cinematic universe (mcu), tense
IMDb Rating: 6.2
Rotten Tomatoes: None
Metacritic: None
TMDB Rating: 6.183
Box Office: N/A
Budget: N/A
Revenue: N/A
Awards: 3 nominations total
Collection: N/A
Country: United States
Language: English",0.0,Unknown,6.2,6.004166666666666,6.603846153846154,6.183
156,Marvel Zombies,2025,series,TV-MA,117.0,"Animation, Action, Adventure",Unknown,Zeb Wells,"Iman Vellani, Todd Williams, David Boat","After the Avengers are overtaken by a zombie plague, a group of survivors discover the key to bringing an end to the super-powered undead, racing across a dystopian landscape and risking their lives to save their world.",English,United States,1 nomination total,7.0,9.901034546375062,76.0,64.0,Phase 5/6,MCU,2020s,0,0,1,1,"Sci-Fi & Fantasy, Animation, Action & Adventure",7.267,5.883322388488279,9.055,"Iman Vellani, Todd Williams, David Harbour, Simu Liu, Awkwafina",Unknown,"Danielle Costa, Carrie Wassenaar","Laura Karpman, Nora Kroll-Rosenbaum","zombie, marvel cinematic universe (mcu), zombie apocalypse, absurd, antagonistic, hopeful, tragic",United States of America,English,4.0,1.0,Returning Series,Who will save us from our heroes?,19.70742255161285,18.603002309079653,19.193787894917058,"Title: Marvel Zombies
Year: 2025
Universe: MCU
MCU Phase: Phase 5/6
Type: series
Rated: TV-MA
Runtime: N/A minutes
Genre: Animation, Action, Adventure
Director: N/A
Writer: Zeb Wells
Cast: Iman Vellani, Todd Williams, David Boat
Top 5 Cast: Iman Vellani, Todd Williams, David Harbour, Simu Liu, Awkwafina
Plot: After the Avengers are overtaken by a zombie plague, a group of survivors discover the key to bringing an end to the super-powered undead, racing across a dystopian landscape and risking their lives to save their world.
Tagline: Who will save us from our heroes?
Keywords: zombie, marvel cinematic universe (mcu), zombie apocalypse, absurd, antagonistic, hopeful, tragic
IMDb Rating: 7.0
Rotten Tomatoes: None
Metacritic: None
TMDB Rating: 7.267
Box Office: N/A
Budget: N/A
Revenue: N/A
Awards: 1 nomination total
Collection: N/A
Country: United States
Language: English",6.0,Iman Vellani,7.0,6.004166666666666,6.603846153846154,7.267
157,Venom: The Last Dance,2025,Unknown,Unknown,117.0,Unknown,Unknown,Unknown,Unknown,Unknown,Unknown,Unknown,Unknown,6.75,12.664111228245407,76.0,64.0,Phase 5/6,Sony / Spider-Man,2020s,0,0,0,0,"Science Fiction, Action, Adventure",6.672,8.356789669923213,19.1543,"Tom Hardy, Chiwetel Ejiofor, Juno Temple, Rhys Ifans, Stephen Graham",Kelly Marcel,"Avi Arad, Kelly Marcel, Matt Tolmach",Dan Deacon,"hero, superhero, anti hero, villain, alien life-form, based on comic, sequel, aftercreditsstinger, woman director",United States of America,English,0.0,0.0,Released,'Til death do they part.,19.987080915161524,18.603002309079653,19.193787894917058,"Title: Venom: The Last Dance
Year: 2025
Universe: Sony / Spider-Man
MCU Phase: Phase 5/6
Type: N/A
Rated: nan
Runtime: nan minutes
Genre: nan
Director: nan
Writer: nan
Cast: nan
Top 5 Cast: Tom Hardy, Chiwetel Ejiofor, Juno Temple, Rhys Ifans, Stephen Graham
Plot: nan
Tagline: 'Til death do they part.
Keywords: hero, superhero, anti hero, villain, alien life-form, based on comic, sequel, aftercreditsstinger, woman director
IMDb Rating: nan
Rotten Tomatoes: nan
Metacritic: nan
TMDB Rating: 6.672
Box Office: nan
Budget: 120000000
Revenue: 478937618
Awards: nan
Collection: Venom Collection
Country: nan
Language: nan",15.0,Tom Hardy,6.564705882352942,6.004166666666666,6.603846153846154,6.672
158,Kraven the Hunter,2025,Unknown,Unknown,117.0,Unknown,Unknown,Unknown,Unknown,Unknown,Unknown,Unknown,Unknown,6.75,12.664111228245407,76.0,64.0,Phase 5/6,Sony / Spider-Man,2020s,0,0,0,0,"Action, Adventure, Thriller",6.436,7.7664168980196555,13.9473,"Aaron Taylor-Johnson, Ariana DeBose, Fred Hechinger, Alessandro Nivola, Christopher Abbott",J.C. Chandor,"David B. Householter, Avi Arad, Matt Tolmach","Benjamin Wallfisch, Sacha Galperine","hunter, superhero, villain, based on comic, supervillain, antihero, intense, admiring, ominous",United States of America,"English, Russian, Turkish",0.0,0.0,Released,Villains aren't born. They're made.,17.94387860109505,18.683045016112164,19.193787894917058,"Title: Kraven the Hunter
Year: 2025
Universe: Sony / Spider-Man
MCU Phase: Phase 5/6
Type: N/A
Rated: nan
Runtime: nan minutes
Genre: nan
Director: nan
Writer: nan
Cast: nan
Top 5 Cast: Aaron Taylor-Johnson, Ariana DeBose, Fred Hechinger, Alessandro Nivola, Christopher Abbott
Plot: nan
Tagline: Villains aren't born. They're made.
Keywords: hunter, superhero, villain, based on comic, supervillain, antihero, intense, admiring, ominous
IMDb Rating: nan
Rotten Tomatoes: nan
Metacritic: nan
TMDB Rating: 6.436
Box Office: nan
Budget: 130000000
Revenue: 62076533
Awards: nan
Collection: N/A
Country: nan
Language: nan",15.0,Aaron Taylor-Johnson,6.564705882352942,6.004166666666666,6.603846153846154,6.436
159,Wonder Man,2026,series,TV-14,117.0,"Action, Adventure, Comedy",Unknown,Destin Daniel Cretton,"Yahya Abdul-Mateen II, Ben Kingsley, X Mayo","Small-time actor Simon Williams struggles to reckon with his personal life while hiding his super-powers as he tries to land his dream role. Meanwhile, a shady government agent leverages a new friendship in order to save his own job.",English,United States,Unknown,7.4,10.37245939967773,76.0,64.0,Phase 5/6,MCU,2020s,-1,0,1,1,"Comedy, Drama",7.019,5.66988092298052,8.5061,"Yahya Abdul-Mateen II, Arian Moayed, X Mayo, Ben Kingsley",Unknown,"Bonnie Muñoz, Anayat Fakhraie",Joel P. West,"remake, based on comic, super power, audition, struggling actor, marvel cinematic universe (mcu)",United States of America,English,8.0,2.0,Returning Series,"He was born to play this role, but the spotlight reveals everything.",19.70742255161285,18.603002309079653,19.193787894917058,"Title: Wonder Man
Year: 2026
Universe: MCU
MCU Phase: Phase 5/6
Type: series
Rated: TV-14
Runtime: N/A minutes
Genre: Action, Adventure, Comedy
Director: N/A
Writer: Destin Daniel Cretton
Cast: Yahya Abdul-Mateen II, Ben Kingsley, X Mayo
Top 5 Cast: Yahya Abdul-Mateen II, Arian Moayed, X Mayo, Ben Kingsley
Plot: Small-time actor Simon Williams struggles to reckon with his personal life while hiding his super-powers as he tries to land his dream role. Meanwhile, a shady government agent leverages a new friendship in order to save his own job.
Tagline: He was born to play this role, but the spotlight reveals everything.
Keywords: remake, based on comic, super power, audition, struggling actor, marvel cinematic universe (mcu)
IMDb Rating: 7.4
Rotten Tomatoes: None
Metacritic: None
TMDB Rating: 7.019
Box Office: N/A
Budget: N/A
Revenue: N/A
Awards: N/A
Collection: N/A
Country: United States
Language: English",4.0,Yahya Abdul-Mateen II,7.4,6.004166666666666,6.603846153846154,7.019
160,Daredevil: Born Again,2026,movie,Unknown,117.0,Talk-Show,Unknown,Unknown,Unknown,The Daredevil: Born Again (2025) cast and crew sit down to discuss Season 2's twists and turns.,English,United States,Unknown,7.8,3.6635616461296463,76.0,64.0,Phase 5/6,MCU,2020s,-1,0,0,1,Talk,7.0,1.0986122886681098,1.1885,Unknown,Unknown,Unknown,Unknown,"after show, podcast, video podcast",United States of America,English,9.0,1.0,Returning Series,Unknown,19.70742255161285,18.603002309079653,19.193787894917058,"Title: Daredevil: Born Again
Year: 2026
Universe: MCU
MCU Phase: Phase 5/6
Type: movie
Rated: N/A
Runtime: N/A minutes
Genre: Talk-Show
Director: N/A
Writer: N/A
Cast: N/A
Top 5 Cast: 
Plot: The Daredevil: Born Again (2025) cast and crew sit down to discuss Season 2's twists and turns.
Tagline: 
Keywords: after show, podcast, video podcast
IMDb Rating: 7.8
Rotten Tomatoes: None
Metacritic: None
TMDB Rating: 7.0
Box Office: N/A
Budget: N/A
Revenue: N/A
Awards: N/A
Collection: N/A
Country: United States
Language: English",0.0,Unknown,7.8,6.004166666666666,6.603846153846154,7.0
161,Spider-Man: Brand New Day,2026,movie,Unknown,117.0,"Action, Adventure, Fantasy",Destin Daniel Cretton,"Chris McKenna, Erik Sommers, Stan Lee","Tom Holland, Zendaya, Sadie Sink",A forgotten Peter Parker lives alone as a full-time Spider-Man until mounting pressure triggers a dangerous change and a powerful new enemy emerges.,English,United States,Unknown,6.75,12.664111228245407,76.0,64.0,Phase 5/6,MCU,2020s,-1,0,0,1,"Science Fiction, Action, Adventure",0.0,0.0,52.5645,"Tom Holland, Zendaya, Sadie Sink, Jacob Batalon, Jon Bernthal",Destin Daniel Cretton,"Kevin Feige, Amy Pascal, Rachel O'Connor",Michael Giacchino,"mind control, new york city, superhero, based on comic, sequel, ninja, super power, evolution, masked vigilante, marvel cinematic universe (mcu)",United States of America,English,0.0,0.0,Post Production,Unknown,19.70742255161285,18.603002309079653,19.193787894917058,"Title: Spider-Man: Brand New Day
Year: 2026
Universe: MCU
MCU Phase: Phase 5/6
Type: movie
Rated: N/A
Runtime: N/A minutes
Genre: Action, Adventure, Fantasy
Director: Destin Daniel Cretton
Writer: Chris McKenna, Erik Sommers, Stan Lee
Cast: Tom Holland, Zendaya, Sadie Sink
Top 5 Cast: Tom Holland, Zendaya, Sadie Sink, Jacob Batalon, Jon Bernthal
Plot: A forgotten Peter Parker lives alone as a full-time Spider-Man until mounting pressure triggers a dangerous change and a powerful new enemy emerges.
Tagline: 
Keywords: mind control, new york city, superhero, based on comic, sequel, ninja, super power, evolution, masked vigilante, marvel cinematic universe (mcu)
IMDb Rating: N/A
Rotten Tomatoes: None
Metacritic: None
TMDB Rating: 0.0
Box Office: N/A
Budget: 0
Revenue: 0
Awards: N/A
Collection: Spider-Man (MCU) Collection
Country: United States
Language: English",15.0,Tom Holland,6.564705882352942,6.004166666666666,6.603846153846154,6.554427350427351
